mean,sd,hdi_3%,hdi_97%,mcse_mean,mcse_sd,ess_bulk,ess_tail,r_hat
-5.106,1.225,-7.433,-2.833,0.036,0.025,1193.0,1237.0,1.0
-0.794,0.926,-2.427,0.975,0.024,0.017,1495.0,1453.0,1.0
-0.26,0.843,-1.748,1.4,0.018,0.017,2170.0,1768.0,1.0
0.22,0.811,-1.289,1.724,0.017,0.016,2413.0,1456.0,1.0
0.796,0.813,-0.755,2.322,0.021,0.017,1544.0,1257.0,1.0
1.861,0.685,0.64,3.132,0.016,0.012,1861.0,1594.0,1.0
1.067,0.51,0.203,2.053,0.022,0.017,543.0,655.0,1.01
0.661,0.36,0.06,1.416,0.015,0.012,650.0,657.0,1.01
0.806,0.308,0.289,1.395,0.028,0.02,148.0,558.0,1.03
0.845,0.268,0.4,1.373,0.026,0.019,96.0,518.0,1.04
0.714,0.212,0.326,1.098,0.023,0.016,85.0,643.0,1.04
0.769,0.211,0.413,1.189,0.024,0.017,73.0,377.0,1.05
0.739,0.195,0.369,1.071,0.025,0.017,64.0,336.0,1.05
0.794,0.206,0.448,1.195,0.026,0.019,63.0,361.0,1.06
0.765,0.194,0.404,1.113,0.026,0.019,56.0,353.0,1.06
0.806,0.205,0.424,1.18,0.028,0.02,55.0,426.0,1.06
0.733,0.186,0.417,1.095,0.024,0.017,58.0,325.0,1.06
0.634,0.163,0.312,0.922,0.023,0.016,52.0,364.0,1.06
0.679,0.175,0.365,1.0,0.023,0.016,57.0,348.0,1.06
-0.038,0.973,-1.948,1.779,0.017,0.022,3360.0,1695.0,1.0
0.341,0.97,-1.338,2.459,0.018,0.023,3046.0,1197.0,1.01
0.221,0.918,-1.434,2.016,0.018,0.019,2642.0,1622.0,1.0
-0.096,0.883,-1.732,1.55,0.018,0.018,2506.0,1513.0,1.0
0.034,0.876,-1.649,1.669,0.016,0.021,2893.0,1310.0,1.0
-0.011,0.867,-1.552,1.657,0.019,0.019,1969.0,1639.0,1.0
0.029,0.874,-1.568,1.706,0.017,0.019,2524.0,1756.0,1.0
-0.424,0.872,-1.937,1.295,0.018,0.017,2374.0,1488.0,1.0
-0.208,0.861,-1.791,1.416,0.017,0.018,2432.0,1478.0,1.0
-0.14,0.894,-1.801,1.579,0.019,0.019,2232.0,1279.0,1.0
0.01,0.866,-1.671,1.519,0.017,0.019,2654.0,1361.0,1.0
0.017,0.892,-1.565,1.774,0.019,0.019,2199.0,1588.0,1.0
0.056,0.861,-1.596,1.602,0.019,0.018,2139.0,1505.0,1.0
0.609,0.879,-0.988,2.3,0.016,0.016,2883.0,1768.0,1.0
0.868,0.871,-0.729,2.476,0.018,0.014,2330.0,1394.0,1.0
0.578,0.877,-1.185,2.102,0.016,0.016,3080.0,1592.0,1.0
0.586,0.872,-1.014,2.326,0.018,0.017,2447.0,1212.0,1.0
0.749,0.854,-0.86,2.346,0.017,0.015,2521.0,1469.0,1.0
0.406,0.846,-1.136,2.026,0.016,0.016,2735.0,1563.0,1.0
0.61,0.851,-0.997,2.169,0.017,0.015,2518.0,1517.0,1.0
0.363,0.883,-1.239,2.061,0.018,0.018,2417.0,1524.0,1.0
0.451,0.86,-1.332,1.92,0.017,0.017,2683.0,1674.0,1.0
0.425,0.843,-1.082,2.011,0.018,0.017,2293.0,1314.0,1.0
-0.033,0.867,-1.624,1.649,0.016,0.02,3105.0,1501.0,1.01
0.16,0.891,-1.512,1.75,0.017,0.02,2641.0,1501.0,1.0
0.053,0.87,-1.533,1.664,0.017,0.022,2534.0,1402.0,1.0
0.265,0.885,-1.27,2.027,0.017,0.019,2672.0,1394.0,1.01
0.065,0.894,-1.646,1.72,0.017,0.021,2706.0,1495.0,1.0
0.087,0.883,-1.638,1.587,0.018,0.021,2375.0,1464.0,1.0
0.251,0.877,-1.411,1.816,0.017,0.019,2499.0,1481.0,1.0
0.171,0.874,-1.401,1.836,0.018,0.02,2456.0,1428.0,1.0
-0.087,0.854,-1.603,1.557,0.018,0.018,2379.0,1699.0,1.0
0.124,0.899,-1.499,1.859,0.017,0.022,2844.0,1393.0,1.0
0.407,0.883,-1.242,2.088,0.018,0.018,2406.0,1446.0,1.0
0.277,0.875,-1.458,1.855,0.017,0.021,2750.0,1633.0,1.0
0.476,0.873,-1.087,2.103,0.021,0.017,1647.0,1515.0,1.0
0.708,0.847,-0.971,2.203,0.017,0.016,2646.0,1512.0,1.0
0.38,0.882,-1.128,2.171,0.019,0.018,2056.0,1465.0,1.0
0.673,0.87,-0.923,2.36,0.018,0.015,2295.0,1565.0,1.0
0.587,0.837,-0.954,2.157,0.018,0.016,2259.0,1466.0,1.0
0.69,0.871,-0.934,2.357,0.017,0.016,2713.0,1545.0,1.0
0.879,0.869,-0.748,2.472,0.018,0.014,2447.0,1681.0,1.0
0.473,0.84,-1.141,1.971,0.018,0.018,2157.0,1257.0,1.0
0.83,0.885,-0.732,2.527,0.017,0.016,2721.0,1336.0,1.01
0.619,0.843,-0.975,2.191,0.016,0.016,2690.0,1443.0,1.0
0.406,0.875,-1.27,1.955,0.016,0.018,2897.0,1514.0,1.0
0.552,0.82,-0.927,2.053,0.017,0.014,2318.0,1568.0,1.0
0.628,0.843,-0.809,2.304,0.015,0.015,3049.0,1543.0,1.0
0.789,0.875,-0.863,2.42,0.018,0.018,2397.0,1447.0,1.0
0.768,0.896,-0.908,2.484,0.016,0.016,3041.0,1541.0,1.0
0.562,0.883,-1.005,2.236,0.018,0.017,2377.0,1441.0,1.01
0.314,0.881,-1.27,2.035,0.017,0.019,2593.0,1556.0,1.0
0.002,1.004,-1.913,1.83,0.017,0.026,3417.0,1335.0,1.0
-0.032,1.001,-1.912,1.747,0.021,0.024,2186.0,1470.0,1.0
0.348,0.965,-1.536,1.968,0.019,0.021,2691.0,1358.0,1.0
0.51,0.985,-1.426,2.264,0.017,0.021,3286.0,1348.0,1.01
0.237,0.952,-1.533,2.002,0.019,0.025,2429.0,1200.0,1.01
0.284,0.943,-1.557,2.012,0.017,0.02,2937.0,1520.0,1.0
0.262,0.95,-1.431,2.103,0.017,0.022,3145.0,1669.0,1.0
0.328,0.932,-1.326,2.257,0.02,0.019,2182.0,1449.0,1.0
0.349,0.913,-1.27,2.093,0.017,0.019,2726.0,1395.0,1.0
0.397,0.921,-1.319,2.138,0.017,0.018,2950.0,1452.0,1.0
0.214,0.94,-1.483,2.121,0.017,0.023,3175.0,1392.0,1.0
0.039,0.955,-1.572,2.133,0.019,0.023,2661.0,1368.0,1.0
0.035,0.959,-1.747,1.802,0.019,0.021,2522.0,1482.0,1.0
0.075,0.895,-1.741,1.651,0.018,0.021,2359.0,1396.0,1.0
0.474,0.899,-1.249,2.092,0.016,0.018,3030.0,1632.0,1.0
0.394,0.925,-1.31,2.094,0.019,0.019,2413.0,1428.0,1.0
0.46,0.904,-1.19,2.089,0.018,0.018,2428.0,1362.0,1.01
0.574,0.912,-1.086,2.254,0.016,0.017,3125.0,1450.0,1.0
0.541,0.94,-1.142,2.451,0.017,0.018,3145.0,1443.0,1.0
0.28,0.887,-1.334,1.982,0.017,0.019,2597.0,1586.0,1.01
0.384,0.894,-1.242,2.072,0.017,0.019,2675.0,1370.0,1.01
0.281,0.858,-1.233,1.915,0.015,0.019,3213.0,1531.0,1.01
0.245,0.914,-1.476,1.941,0.018,0.019,2528.0,1563.0,1.0
0.249,0.856,-1.338,1.839,0.016,0.018,2775.0,1654.0,1.0
0.327,0.867,-1.402,1.873,0.019,0.017,2178.0,1327.0,1.0
0.457,0.865,-1.205,2.073,0.018,0.018,2356.0,1363.0,1.01
0.747,0.904,-0.913,2.456,0.02,0.017,2105.0,1598.0,1.0
0.945,0.871,-0.824,2.514,0.017,0.014,2503.0,1319.0,1.0
0.819,0.874,-0.863,2.431,0.018,0.014,2404.0,1651.0,1.0
0.653,0.856,-0.905,2.257,0.017,0.015,2591.0,1715.0,1.0
0.592,0.855,-0.954,2.225,0.015,0.015,3171.0,1513.0,1.0
0.667,0.894,-1.012,2.277,0.018,0.015,2424.0,1505.0,1.01
0.586,0.872,-0.936,2.267,0.017,0.017,2662.0,1742.0,1.0
0.572,0.887,-0.989,2.322,0.017,0.016,2597.0,1416.0,1.01
0.549,0.878,-1.095,2.193,0.019,0.017,2159.0,1393.0,1.0
0.516,0.895,-1.118,2.122,0.018,0.018,2554.0,1540.0,1.0
0.525,0.869,-1.065,2.165,0.019,0.017,2224.0,1325.0,1.0
0.352,0.871,-1.204,2.037,0.019,0.018,2103.0,1526.0,1.0
0.392,0.862,-1.211,1.987,0.016,0.017,2942.0,1613.0,1.0
0.42,0.851,-1.138,2.054,0.014,0.017,3475.0,1470.0,1.0
0.287,0.862,-1.264,1.916,0.017,0.018,2596.0,1695.0,1.0
0.589,0.848,-0.933,2.185,0.017,0.015,2518.0,1562.0,1.0
0.431,0.82,-1.046,2.012,0.018,0.016,2040.0,1447.0,1.0
0.297,0.863,-1.347,1.881,0.018,0.017,2202.0,1543.0,1.0
0.212,0.835,-1.264,1.938,0.016,0.018,2795.0,1481.0,1.0
0.191,0.857,-1.25,1.92,0.018,0.018,2181.0,1369.0,1.0
0.43,0.865,-1.384,1.886,0.017,0.018,2549.0,1518.0,1.0
0.312,0.854,-1.224,1.905,0.017,0.018,2460.0,1619.0,1.0
0.3,0.822,-1.211,1.839,0.017,0.016,2333.0,1399.0,1.0
0.428,0.819,-1.08,1.975,0.018,0.017,2111.0,1613.0,1.0
0.498,0.853,-1.175,1.962,0.017,0.017,2580.0,1604.0,1.0
0.34,0.827,-1.107,1.95,0.016,0.017,2744.0,1571.0,1.0
0.367,0.838,-1.311,1.851,0.018,0.017,2161.0,1573.0,1.01
0.587,0.861,-1.042,2.176,0.018,0.016,2265.0,1494.0,1.0
0.387,0.869,-1.035,2.201,0.017,0.017,2651.0,1722.0,1.01
0.63,0.864,-0.877,2.319,0.018,0.015,2339.0,1592.0,1.0
0.601,0.878,-1.06,2.261,0.018,0.017,2330.0,1590.0,1.0
0.648,0.883,-0.943,2.357,0.017,0.016,2611.0,1535.0,1.0
0.401,0.839,-1.171,1.944,0.018,0.017,2125.0,1238.0,1.0
0.327,0.837,-1.35,1.783,0.015,0.017,3110.0,1623.0,1.0
0.351,0.855,-1.255,1.865,0.017,0.018,2624.0,1554.0,1.0
0.203,0.878,-1.391,1.876,0.016,0.019,2803.0,1474.0,1.0
0.303,0.864,-1.317,1.936,0.017,0.018,2471.0,1572.0,1.0
0.433,0.859,-1.142,2.018,0.019,0.019,2144.0,1446.0,1.0
0.363,0.891,-1.19,2.133,0.018,0.018,2343.0,1737.0,1.0
0.429,0.84,-1.164,1.962,0.017,0.015,2540.0,1680.0,1.0
0.518,0.863,-1.271,1.954,0.019,0.016,2136.0,1492.0,1.0
0.286,0.905,-1.276,2.109,0.016,0.019,3062.0,1440.0,1.0
0.127,0.851,-1.506,1.679,0.016,0.019,2983.0,1448.0,1.0
-0.17,0.867,-1.797,1.423,0.017,0.018,2539.0,1501.0,1.0
-0.111,0.897,-1.911,1.426,0.019,0.019,2333.0,1521.0,1.0
-0.277,0.884,-1.904,1.386,0.017,0.017,2712.0,1637.0,1.0
-0.175,0.893,-1.778,1.479,0.018,0.019,2435.0,1802.0,1.0
-0.096,0.914,-1.753,1.585,0.017,0.021,2960.0,1465.0,1.0
-0.315,0.917,-2.112,1.322,0.019,0.02,2219.0,1584.0,1.0
-0.218,0.896,-1.893,1.414,0.02,0.017,2018.0,1747.0,1.0
0.04,0.93,-1.688,1.79,0.018,0.022,2542.0,1511.0,1.0
-0.073,0.936,-1.783,1.737,0.02,0.02,2194.0,1470.0,1.0
-0.316,0.872,-2.011,1.196,0.018,0.018,2376.0,1370.0,1.0
-0.339,0.92,-2.142,1.381,0.019,0.019,2408.0,1646.0,1.0
-0.359,0.923,-2.083,1.343,0.018,0.019,2531.0,1530.0,1.0
-0.375,0.949,-2.116,1.51,0.02,0.019,2355.0,1448.0,1.01
-0.486,0.937,-2.283,1.275,0.017,0.019,2920.0,1383.0,1.0
-0.537,0.908,-2.194,1.116,0.018,0.018,2418.0,1547.0,1.0
-0.579,0.947,-2.378,1.169,0.017,0.018,3161.0,1677.0,1.0
-0.312,0.934,-2.027,1.418,0.019,0.02,2375.0,1626.0,1.0
-0.364,0.942,-2.066,1.433,0.017,0.023,3038.0,1434.0,1.0
-0.458,0.96,-2.383,1.252,0.018,0.02,2836.0,1261.0,1.0
-0.37,0.961,-2.082,1.425,0.017,0.024,3011.0,1315.0,1.01
-0.516,0.976,-2.287,1.362,0.018,0.02,2969.0,1344.0,1.0
-0.445,0.955,-2.357,1.227,0.018,0.019,2857.0,1420.0,1.0
-0.276,0.973,-2.189,1.423,0.018,0.021,2877.0,1654.0,1.0
-0.285,0.978,-2.178,1.439,0.017,0.021,3143.0,1494.0,1.0
-0.266,0.964,-1.991,1.664,0.017,0.021,3409.0,1757.0,1.0
-0.254,0.963,-1.909,1.631,0.018,0.022,2708.0,1530.0,1.0
-0.313,0.968,-2.1,1.458,0.018,0.02,2890.0,1733.0,1.0
-0.477,0.956,-2.301,1.322,0.018,0.02,2972.0,1545.0,1.01
-0.577,1.006,-2.402,1.405,0.019,0.019,2933.0,1692.0,1.0
-0.514,0.992,-2.316,1.368,0.016,0.02,3656.0,1773.0,1.0
-0.449,0.989,-2.17,1.445,0.016,0.019,3619.0,1811.0,1.0
-0.397,0.995,-2.095,1.53,0.015,0.022,4596.0,1444.0,1.0
-0.371,1.021,-2.499,1.389,0.017,0.026,3715.0,1452.0,1.01
-0.348,1.0,-2.248,1.524,0.017,0.023,3295.0,1354.0,1.0
-0.31,0.969,-2.082,1.49,0.022,0.021,2027.0,1385.0,1.0
-0.232,1.058,-2.098,1.822,0.02,0.024,2692.0,1530.0,1.0
-0.193,0.975,-1.982,1.618,0.017,0.023,3424.0,1617.0,1.0
-0.177,1.025,-1.98,1.811,0.018,0.026,3362.0,1460.0,1.0
-0.128,0.993,-1.951,1.814,0.018,0.026,2960.0,1326.0,1.0
-0.127,1.029,-2.16,1.641,0.021,0.024,2376.0,1348.0,1.01
-0.045,0.973,-1.801,1.825,0.017,0.024,3148.0,1433.0,1.0
-0.034,1.018,-1.793,1.944,0.02,0.023,2533.0,1526.0,1.0
0.005,0.997,-1.871,1.888,0.019,0.023,2829.0,1341.0,1.0
-0.09,1.035,-2.039,1.792,0.019,0.023,3094.0,1771.0,1.01
-0.155,1.006,-2.006,1.725,0.016,0.025,4035.0,1410.0,1.0
-0.08,1.007,-1.889,1.797,0.019,0.023,2799.0,1669.0,1.0
-0.065,1.035,-1.923,1.839,0.02,0.025,2709.0,1399.0,1.0
-0.051,1.0,-1.991,1.746,0.018,0.026,3026.0,1277.0,1.0
-0.072,1.008,-1.961,1.813,0.018,0.024,3242.0,1588.0,1.0
-0.047,1.0,-1.886,1.876,0.02,0.024,2542.0,1375.0,1.0
-0.013,1.013,-1.806,1.968,0.015,0.025,4462.0,1524.0,1.0
-0.035,1.021,-1.892,1.904,0.02,0.023,2693.0,1295.0,1.0
-0.009,0.947,-1.743,1.777,0.016,0.023,3418.0,1663.0,1.0
-0.028,0.941,-1.797,1.796,0.017,0.022,3011.0,1473.0,1.0
-0.054,1.025,-2.002,1.732,0.017,0.024,3628.0,1301.0,1.0
-0.025,0.989,-1.97,1.776,0.017,0.027,3432.0,1131.0,1.0
-0.032,0.983,-1.861,1.79,0.018,0.025,2915.0,1362.0,1.0
-0.006,0.988,-1.753,1.939,0.02,0.021,2348.0,1520.0,1.0
-0.0,0.999,-1.674,2.001,0.017,0.025,3275.0,1321.0,1.0
-0.039,0.976,-1.805,1.833,0.019,0.021,2620.0,1584.0,1.0
0.003,1.008,-1.858,1.841,0.018,0.023,2947.0,1447.0,1.0
-0.008,1.008,-1.851,1.835,0.018,0.026,3023.0,1209.0,1.0
-0.004,1.0,-1.83,1.831,0.016,0.024,3996.0,1428.0,1.01
-0.004,1.031,-1.943,1.759,0.018,0.023,3446.0,1451.0,1.01
0.003,1.014,-1.88,1.911,0.021,0.024,2355.0,1352.0,1.0
-0.032,1.042,-1.817,2.024,0.017,0.025,3546.0,1811.0,1.0
-0.015,0.98,-1.878,1.781,0.018,0.022,3099.0,1388.0,1.0
0.007,1.009,-2.004,1.834,0.018,0.024,3181.0,1481.0,1.0
-0.002,1.028,-1.867,1.937,0.019,0.025,3061.0,1560.0,1.0
-0.006,1.024,-1.804,1.922,0.02,0.023,2750.0,1380.0,1.0
0.964,0.262,0.557,1.449,0.031,0.022,57.0,274.0,1.06
-0.81,0.987,-2.707,0.901,0.039,0.028,699.0,1021.0,1.01
-1.081,1.287,-3.685,1.063,0.059,0.042,482.0,1049.0,1.01
-0.884,1.417,-3.668,1.562,0.065,0.046,467.0,996.0,1.02
-0.155,1.399,-2.826,2.412,0.053,0.038,744.0,1134.0,1.01
1.607,1.238,-0.623,3.952,0.034,0.024,1347.0,1216.0,1.0
2.576,1.213,0.389,4.932,0.034,0.024,1338.0,1232.0,1.0
3.172,1.201,1.015,5.532,0.034,0.024,1312.0,1072.0,1.0
3.901,1.202,1.679,6.158,0.034,0.024,1294.0,1288.0,1.0
4.666,1.193,2.426,6.852,0.033,0.024,1299.0,1190.0,1.0
5.312,1.191,3.073,7.51,0.034,0.024,1273.0,1294.0,1.0
6.008,1.192,3.827,8.28,0.034,0.024,1267.0,1204.0,1.0
6.676,1.192,4.377,8.844,0.034,0.024,1266.0,1327.0,1.0
7.395,1.196,5.13,9.585,0.034,0.024,1256.0,1267.0,1.0
8.087,1.199,5.978,10.461,0.034,0.024,1243.0,1296.0,1.0
8.816,1.203,6.668,11.153,0.034,0.024,1233.0,1304.0,1.0
9.478,1.205,7.357,11.834,0.035,0.025,1224.0,1308.0,1.0
10.052,1.211,7.891,12.413,0.035,0.025,1210.0,1308.0,1.0
10.666,1.219,8.539,13.09,0.035,0.025,1192.0,1340.0,1.0
0.043,0.011,0.022,0.063,0.0,0.0,776.0,1058.0,1.0
-0.002,0.044,-0.089,0.081,0.001,0.001,3130.0,1479.0,1.0
0.015,0.062,-0.092,0.139,0.001,0.001,2751.0,1678.0,1.0
0.025,0.073,-0.102,0.165,0.001,0.001,2580.0,1605.0,1.0
0.021,0.076,-0.117,0.172,0.002,0.002,2602.0,1412.0,1.0
0.023,0.079,-0.12,0.174,0.002,0.002,2771.0,1680.0,1.0
0.023,0.084,-0.14,0.173,0.002,0.002,2623.0,1775.0,1.0
0.026,0.088,-0.139,0.192,0.002,0.002,2602.0,1406.0,1.0
0.007,0.089,-0.167,0.171,0.002,0.002,2670.0,1676.0,1.0
-0.001,0.09,-0.174,0.163,0.002,0.002,2354.0,1797.0,1.0
-0.006,0.09,-0.173,0.167,0.002,0.002,2125.0,1645.0,1.0
-0.005,0.093,-0.169,0.184,0.002,0.002,2086.0,1693.0,1.0
-0.003,0.094,-0.175,0.177,0.002,0.002,1923.0,1641.0,1.0
-0.001,0.095,-0.165,0.198,0.002,0.002,1957.0,1551.0,1.0
0.025,0.1,-0.161,0.209,0.002,0.002,1789.0,1772.0,1.0
0.063,0.106,-0.126,0.27,0.003,0.002,1444.0,1754.0,1.0
0.088,0.111,-0.102,0.314,0.003,0.002,1354.0,1577.0,1.0
0.112,0.117,-0.093,0.346,0.003,0.002,1289.0,1822.0,1.0
0.145,0.122,-0.063,0.391,0.004,0.002,1195.0,1610.0,1.0
0.162,0.126,-0.062,0.412,0.004,0.003,1183.0,1688.0,1.0
0.189,0.131,-0.055,0.436,0.004,0.003,1083.0,1516.0,1.0
0.204,0.136,-0.06,0.451,0.004,0.003,1072.0,1720.0,1.0
0.224,0.14,-0.043,0.481,0.004,0.003,1022.0,1649.0,1.0
0.243,0.148,-0.038,0.511,0.005,0.003,1021.0,1616.0,1.0
0.242,0.149,-0.02,0.535,0.005,0.003,1038.0,1682.0,1.0
0.249,0.154,-0.057,0.521,0.005,0.003,1010.0,1466.0,1.0
0.251,0.155,-0.02,0.55,0.005,0.003,995.0,1546.0,1.0
0.263,0.163,-0.045,0.569,0.005,0.004,1029.0,1632.0,1.0
0.266,0.167,-0.061,0.568,0.005,0.004,982.0,1738.0,1.0
0.271,0.171,-0.035,0.6,0.005,0.004,993.0,1665.0,1.0
0.282,0.176,-0.049,0.612,0.006,0.004,966.0,1618.0,1.0
0.29,0.181,-0.07,0.604,0.006,0.004,928.0,1570.0,1.0
0.286,0.183,-0.066,0.611,0.006,0.004,960.0,1427.0,1.0
0.291,0.187,-0.053,0.637,0.006,0.004,955.0,1527.0,1.0
0.309,0.194,-0.031,0.701,0.006,0.005,920.0,1505.0,1.0
0.321,0.197,-0.056,0.685,0.006,0.005,927.0,1486.0,1.0
0.341,0.201,-0.042,0.715,0.007,0.005,901.0,1536.0,1.0
0.372,0.209,-0.051,0.738,0.007,0.005,883.0,1617.0,1.0
0.388,0.213,-0.023,0.768,0.007,0.005,874.0,1476.0,1.0
0.417,0.22,0.01,0.831,0.008,0.005,859.0,1592.0,1.0
0.442,0.225,0.021,0.848,0.008,0.005,863.0,1539.0,1.0
0.47,0.23,0.031,0.89,0.008,0.006,873.0,1564.0,1.0
0.508,0.239,0.073,0.975,0.008,0.006,854.0,1425.0,1.0
0.527,0.242,0.06,0.966,0.008,0.006,862.0,1468.0,1.0
0.563,0.249,0.088,1.015,0.009,0.006,820.0,1375.0,1.0
0.589,0.254,0.105,1.045,0.009,0.006,821.0,1289.0,1.0
0.605,0.256,0.138,1.092,0.009,0.006,816.0,1309.0,1.0
0.629,0.261,0.112,1.086,0.009,0.006,829.0,1251.0,1.0
0.655,0.266,0.164,1.151,0.009,0.007,829.0,1190.0,1.0
0.689,0.276,0.153,1.177,0.01,0.007,834.0,1258.0,1.0
0.722,0.283,0.181,1.232,0.01,0.007,819.0,1233.0,1.0
0.746,0.287,0.188,1.257,0.01,0.007,812.0,1162.0,1.0
0.76,0.292,0.207,1.289,0.01,0.007,812.0,1255.0,1.0
0.759,0.295,0.223,1.308,0.01,0.007,815.0,1331.0,1.0
0.05,0.009,0.034,0.067,0.0,0.0,956.0,1566.0,1.01
-0.002,0.052,-0.096,0.095,0.001,0.001,2457.0,1322.0,1.0
0.016,0.07,-0.126,0.137,0.001,0.002,2525.0,1553.0,1.0
0.042,0.082,-0.111,0.205,0.002,0.002,2542.0,1489.0,1.0
0.054,0.093,-0.132,0.219,0.002,0.002,2804.0,1335.0,1.0
0.068,0.105,-0.131,0.262,0.002,0.002,2750.0,1565.0,1.0
0.081,0.109,-0.122,0.284,0.002,0.002,2771.0,1487.0,1.0
0.098,0.113,-0.101,0.329,0.002,0.002,2605.0,1729.0,1.0
0.115,0.119,-0.102,0.343,0.002,0.002,2675.0,1532.0,1.0
0.136,0.123,-0.084,0.38,0.002,0.002,2591.0,1698.0,1.0
0.147,0.126,-0.094,0.382,0.002,0.002,2603.0,1775.0,1.0
0.149,0.129,-0.088,0.401,0.003,0.002,2398.0,1676.0,1.0
0.15,0.131,-0.093,0.402,0.003,0.002,2260.0,1734.0,1.0
0.154,0.132,-0.115,0.391,0.003,0.002,2269.0,1730.0,1.0
0.178,0.134,-0.068,0.434,0.003,0.002,2091.0,1482.0,1.0
0.198,0.137,-0.063,0.452,0.003,0.002,1760.0,1507.0,1.0
0.221,0.141,-0.027,0.515,0.003,0.002,1793.0,1839.0,1.0
0.25,0.143,-0.012,0.526,0.004,0.003,1576.0,1890.0,1.0
0.278,0.149,0.015,0.567,0.004,0.003,1430.0,1907.0,1.0
0.292,0.152,0.018,0.578,0.004,0.003,1459.0,1968.0,1.0
0.31,0.155,0.02,0.601,0.004,0.003,1406.0,1695.0,1.0
0.325,0.159,0.031,0.621,0.004,0.003,1278.0,1740.0,1.0
0.336,0.162,0.056,0.651,0.005,0.003,1288.0,1851.0,1.0
0.349,0.164,0.058,0.664,0.005,0.003,1209.0,1882.0,1.0
0.365,0.17,0.055,0.673,0.005,0.003,1244.0,1802.0,1.0
0.388,0.173,0.075,0.722,0.005,0.004,1177.0,1883.0,1.0
0.424,0.176,0.096,0.748,0.005,0.004,1184.0,1793.0,1.0
0.472,0.18,0.119,0.794,0.006,0.004,1059.0,1881.0,1.0
0.513,0.186,0.17,0.862,0.006,0.004,1064.0,1805.0,1.0
0.545,0.192,0.213,0.92,0.006,0.004,1065.0,1809.0,1.0
0.574,0.195,0.193,0.919,0.006,0.004,1094.0,1676.0,1.0
0.607,0.199,0.274,1.015,0.006,0.004,1064.0,1663.0,1.0
0.636,0.206,0.258,1.023,0.007,0.005,1014.0,1733.0,1.0
0.664,0.21,0.261,1.039,0.007,0.005,967.0,1665.0,1.0
0.691,0.214,0.271,1.069,0.007,0.005,990.0,1706.0,1.0
0.717,0.217,0.304,1.115,0.007,0.005,977.0,1738.0,1.0
0.743,0.224,0.36,1.197,0.007,0.005,971.0,1764.0,1.0
0.76,0.228,0.355,1.21,0.007,0.005,964.0,1621.0,1.0
0.78,0.23,0.376,1.232,0.008,0.005,946.0,1457.0,1.0
0.801,0.234,0.4,1.275,0.008,0.005,937.0,1622.0,1.0
0.815,0.237,0.38,1.274,0.008,0.006,913.0,1758.0,1.0
0.844,0.244,0.365,1.285,0.008,0.006,892.0,1562.0,1.0
0.866,0.249,0.373,1.325,0.008,0.006,896.0,1596.0,1.0
0.881,0.254,0.431,1.386,0.009,0.006,873.0,1806.0,1.0
0.891,0.259,0.365,1.339,0.009,0.006,889.0,1742.0,1.0
0.901,0.264,0.367,1.365,0.009,0.006,893.0,1624.0,1.0
0.923,0.27,0.43,1.437,0.009,0.006,883.0,1683.0,1.0
0.938,0.275,0.422,1.442,0.009,0.007,863.0,1711.0,1.0
0.953,0.28,0.421,1.469,0.01,0.007,873.0,1598.0,1.0
0.975,0.285,0.452,1.508,0.01,0.007,862.0,1591.0,1.0
1.0,0.292,0.457,1.534,0.01,0.007,873.0,1566.0,1.0
1.017,0.296,0.474,1.567,0.01,0.007,858.0,1650.0,1.0
1.035,0.3,0.467,1.582,0.01,0.007,852.0,1571.0,1.0
1.064,0.305,0.512,1.643,0.011,0.008,851.0,1623.0,1.0
1.083,0.31,0.529,1.702,0.011,0.008,847.0,1652.0,1.0
1.114,0.317,0.52,1.702,0.011,0.008,831.0,1596.0,1.0
1.144,0.324,0.545,1.755,0.011,0.008,834.0,1653.0,1.0
1.177,0.331,0.565,1.793,0.012,0.008,834.0,1596.0,1.0
1.196,0.334,0.606,1.854,0.012,0.008,829.0,1711.0,1.0
1.213,0.34,0.561,1.816,0.012,0.008,823.0,1470.0,1.0
1.231,0.345,0.591,1.854,0.012,0.009,813.0,1469.0,1.0
1.241,0.351,0.607,1.898,0.012,0.009,821.0,1566.0,1.0
1.256,0.355,0.594,1.912,0.013,0.009,816.0,1493.0,1.0
1.277,0.36,0.589,1.939,0.013,0.009,818.0,1590.0,1.0
1.296,0.367,0.606,1.968,0.013,0.009,821.0,1648.0,1.0
1.317,0.372,0.664,2.041,0.013,0.009,803.0,1541.0,1.0
1.343,0.379,0.602,2.012,0.013,0.01,805.0,1594.0,1.0
1.358,0.386,0.699,2.133,0.014,0.01,805.0,1593.0,1.0
1.365,0.391,0.649,2.108,0.014,0.01,800.0,1592.0,1.0
1.357,0.395,0.601,2.061,0.014,0.01,808.0,1538.0,1.0
1.352,0.401,0.595,2.083,0.014,0.01,803.0,1543.0,1.0
1.338,0.404,0.589,2.082,0.014,0.01,805.0,1538.0,1.0
1.33,0.408,0.578,2.075,0.015,0.01,806.0,1516.0,1.0
1.326,0.418,0.537,2.089,0.015,0.01,826.0,1565.0,1.0
1.311,0.424,0.538,2.102,0.015,0.011,829.0,1468.0,1.0
1.301,0.427,0.522,2.101,0.015,0.011,821.0,1405.0,1.0
1.304,0.435,0.474,2.077,0.015,0.011,814.0,1471.0,1.0
1.301,0.442,0.511,2.142,0.016,0.011,810.0,1450.0,1.0
1.286,0.445,0.5,2.151,0.016,0.011,797.0,1449.0,1.0
1.27,0.45,0.465,2.128,0.016,0.011,804.0,1448.0,1.0
1.253,0.455,0.407,2.084,0.016,0.012,793.0,1470.0,1.0
1.235,0.46,0.422,2.123,0.017,0.012,784.0,1423.0,1.0
1.211,0.464,0.364,2.09,0.017,0.012,794.0,1460.0,1.0
1.185,0.47,0.331,2.064,0.017,0.012,802.0,1468.0,1.0
1.157,0.474,0.241,2.006,0.017,0.012,809.0,1446.0,1.0
1.142,0.48,0.269,2.035,0.017,0.012,803.0,1363.0,1.0
1.125,0.485,0.237,2.032,0.017,0.012,803.0,1407.0,1.0
1.103,0.489,0.188,2.001,0.017,0.012,806.0,1447.0,1.0
1.085,0.494,0.142,1.97,0.018,0.012,803.0,1470.0,1.0
1.06,0.496,0.181,2.018,0.017,0.012,818.0,1386.0,1.0
1.039,0.499,0.087,1.944,0.018,0.012,813.0,1256.0,1.0
1.026,0.503,0.13,1.992,0.018,0.013,809.0,1406.0,1.0
1.012,0.509,0.081,1.963,0.018,0.013,808.0,1345.0,1.0
0.999,0.511,0.093,1.98,0.018,0.013,809.0,1543.0,1.0
0.987,0.514,0.021,1.92,0.018,0.013,803.0,1524.0,1.0
0.972,0.519,0.016,1.934,0.018,0.013,823.0,1494.0,1.0
0.948,0.522,-0.029,1.873,0.018,0.013,824.0,1470.0,1.0
0.919,0.523,-0.003,1.934,0.018,0.013,818.0,1545.0,1.0
0.893,0.523,-0.087,1.844,0.018,0.013,823.0,1594.0,1.0
0.871,0.525,-0.082,1.863,0.018,0.013,837.0,1567.0,1.0
0.851,0.526,-0.121,1.825,0.018,0.013,840.0,1650.0,1.0
0.833,0.529,-0.13,1.854,0.018,0.013,859.0,1621.0,1.0
0.815,0.53,-0.188,1.779,0.018,0.013,854.0,1650.0,1.0
0.8,0.531,-0.133,1.856,0.018,0.013,868.0,1542.0,1.0
0.788,0.532,-0.183,1.795,0.018,0.013,871.0,1542.0,1.0
0.778,0.532,-0.179,1.807,0.018,0.013,877.0,1496.0,1.0
0.77,0.534,-0.234,1.758,0.018,0.013,876.0,1472.0,1.0
0.763,0.537,-0.288,1.722,0.018,0.013,880.0,1366.0,1.0
0.757,0.541,-0.187,1.816,0.018,0.013,885.0,1309.0,1.0
0.755,0.546,-0.216,1.81,0.018,0.013,895.0,1404.0,1.0
0.753,0.549,-0.288,1.754,0.019,0.013,884.0,1363.0,1.0
0.754,0.551,-0.272,1.792,0.018,0.013,896.0,1385.0,1.0
0.749,0.553,-0.346,1.719,0.018,0.013,907.0,1385.0,1.0
0.741,0.554,-0.33,1.731,0.018,0.013,919.0,1427.0,1.0
0.736,0.555,-0.324,1.75,0.018,0.013,926.0,1275.0,1.0
0.734,0.56,-0.321,1.768,0.018,0.013,932.0,1329.0,1.0
0.731,0.565,-0.395,1.724,0.018,0.013,949.0,1462.0,1.0
0.728,0.569,-0.392,1.747,0.018,0.013,956.0,1447.0,1.0
0.725,0.57,-0.389,1.724,0.018,0.013,955.0,1423.0,1.0
0.725,0.572,-0.347,1.793,0.018,0.013,964.0,1381.0,1.0
0.723,0.575,-0.285,1.845,0.018,0.013,983.0,1384.0,1.0
0.722,0.575,-0.331,1.795,0.018,0.013,975.0,1423.0,1.0
0.721,0.577,-0.346,1.801,0.018,0.013,988.0,1471.0,1.0
0.718,0.578,-0.266,1.873,0.018,0.013,979.0,1533.0,1.0
0.717,0.583,-0.38,1.789,0.019,0.013,987.0,1534.0,1.0
0.715,0.584,-0.318,1.85,0.018,0.013,1001.0,1555.0,1.0
0.715,0.585,-0.445,1.761,0.018,0.013,1000.0,1527.0,1.0
0.715,0.585,-0.38,1.801,0.018,0.013,1010.0,1596.0,1.0
0.714,0.585,-0.401,1.785,0.018,0.013,997.0,1593.0,1.0
0.714,0.586,-0.421,1.749,0.018,0.013,1003.0,1620.0,1.0
0.713,0.587,-0.386,1.788,0.019,0.013,989.0,1582.0,1.0
0.713,0.588,-0.406,1.791,0.019,0.013,998.0,1565.0,1.0
0.713,0.591,-0.41,1.773,0.019,0.013,1004.0,1565.0,1.0
0.713,0.593,-0.334,1.859,0.019,0.013,1011.0,1580.0,1.0
0.711,0.593,-0.344,1.839,0.018,0.013,1030.0,1459.0,1.0
0.71,0.595,-0.354,1.864,0.018,0.013,1032.0,1506.0,1.0
0.711,0.599,-0.353,1.853,0.019,0.013,1042.0,1536.0,1.0
0.71,0.6,-0.332,1.878,0.019,0.013,1044.0,1574.0,1.0
0.71,0.599,-0.365,1.861,0.019,0.013,1040.0,1600.0,1.0
5.557,0.107,5.352,5.749,0.002,0.001,2584.0,1736.0,1.0
5.042,0.084,4.886,5.2,0.002,0.001,2647.0,1876.0,1.0
4.521,0.081,4.378,4.681,0.002,0.001,2489.0,1784.0,1.0
3.958,0.081,3.813,4.113,0.001,0.001,2935.0,2063.0,1.0
3.315,0.083,3.164,3.472,0.001,0.001,3272.0,1810.0,1.0
2.759,0.085,2.587,2.902,0.002,0.001,2722.0,1787.0,1.0
2.205,0.089,2.034,2.369,0.002,0.001,2849.0,1992.0,1.0
1.66,0.095,1.478,1.839,0.002,0.001,2769.0,1801.0,1.0
1.07,0.105,0.879,1.275,0.002,0.001,2617.0,1922.0,1.0
0.496,0.119,0.295,0.733,0.002,0.002,2373.0,1797.0,1.0
-0.172,0.15,-0.454,0.108,0.003,0.002,2797.0,1812.0,1.0
-0.76,0.198,-1.127,-0.411,0.004,0.003,2280.0,1684.0,1.0
-1.275,0.249,-1.726,-0.794,0.005,0.004,2386.0,1837.0,1.0
-2.142,0.379,-2.852,-1.405,0.008,0.006,2403.0,1641.0,1.0
-3.933,0.736,-5.296,-2.615,0.03,0.022,564.0,1161.0,1.01
-4.691,0.894,-6.382,-3.098,0.049,0.034,381.0,1065.0,1.02
-4.978,0.992,-6.836,-3.266,0.033,0.023,929.0,1163.0,1.01
-4.815,0.971,-6.516,-2.985,0.024,0.018,1804.0,1624.0,1.0
5.591,0.093,5.41,5.752,0.002,0.001,2621.0,1810.0,1.0
5.076,0.077,4.934,5.224,0.001,0.001,2694.0,1956.0,1.0
4.541,0.072,4.405,4.674,0.001,0.001,2334.0,1875.0,1.0
4.002,0.074,3.865,4.136,0.001,0.001,2960.0,1915.0,1.0
3.344,0.075,3.211,3.496,0.002,0.001,2441.0,1952.0,1.0
2.816,0.08,2.661,2.955,0.002,0.001,2550.0,1884.0,1.0
2.249,0.083,2.09,2.393,0.002,0.001,2516.0,1963.0,1.0
1.696,0.088,1.534,1.869,0.002,0.001,2733.0,1926.0,1.0
1.101,0.1,0.922,1.295,0.002,0.001,2607.0,2047.0,1.0
0.528,0.115,0.309,0.739,0.002,0.002,2598.0,1804.0,1.0
-0.127,0.146,-0.388,0.154,0.003,0.002,2706.0,1846.0,1.0
-0.724,0.193,-1.088,-0.382,0.004,0.003,2503.0,1827.0,1.0
-1.238,0.248,-1.725,-0.795,0.005,0.004,2418.0,1978.0,1.0
-2.119,0.375,-2.823,-1.388,0.008,0.006,2323.0,1626.0,1.0
-3.92,0.735,-5.264,-2.549,0.03,0.022,630.0,1122.0,1.01
-4.689,0.894,-6.421,-3.175,0.048,0.034,403.0,1012.0,1.02
-4.988,0.99,-6.853,-3.27,0.033,0.023,946.0,1107.0,1.01
-4.816,0.971,-6.519,-2.954,0.024,0.017,1807.0,1584.0,1.0
5.627,0.087,5.457,5.781,0.002,0.001,2529.0,1933.0,1.0
5.107,0.076,4.962,5.242,0.001,0.001,2589.0,1603.0,1.0
4.575,0.071,4.445,4.712,0.001,0.001,2419.0,1841.0,1.0
4.026,0.074,3.89,4.168,0.001,0.001,2945.0,1682.0,1.0
3.371,0.073,3.228,3.505,0.002,0.001,2366.0,1889.0,1.0
2.858,0.079,2.718,3.012,0.002,0.001,2449.0,1587.0,1.0
2.286,0.081,2.134,2.444,0.002,0.001,2455.0,1809.0,1.0
1.727,0.087,1.562,1.889,0.002,0.001,2454.0,1782.0,1.0
1.122,0.096,0.937,1.285,0.002,0.001,2179.0,2029.0,1.0
0.559,0.114,0.356,0.786,0.002,0.002,2793.0,1943.0,1.0
-0.098,0.146,-0.344,0.189,0.003,0.002,2555.0,1859.0,1.0
-0.697,0.193,-1.06,-0.348,0.004,0.003,2339.0,1851.0,1.0
-1.209,0.249,-1.664,-0.74,0.005,0.004,2383.0,1883.0,1.0
-2.117,0.373,-2.85,-1.42,0.008,0.006,2277.0,1754.0,1.0
-3.925,0.733,-5.254,-2.56,0.03,0.022,623.0,1148.0,1.01
-4.695,0.896,-6.41,-3.146,0.046,0.032,450.0,976.0,1.02
-5.006,0.989,-6.947,-3.344,0.033,0.023,951.0,1192.0,1.01
-4.832,0.969,-6.558,-3.025,0.023,0.017,1848.0,1584.0,1.0
5.635,0.082,5.484,5.792,0.002,0.001,2832.0,1993.0,1.0
5.113,0.074,4.979,5.254,0.002,0.001,2340.0,1862.0,1.0
4.591,0.071,4.463,4.728,0.001,0.001,2616.0,2102.0,1.0
4.041,0.071,3.905,4.169,0.001,0.001,2904.0,1922.0,1.0
3.389,0.072,3.251,3.518,0.001,0.001,2417.0,2014.0,1.0
2.883,0.077,2.736,3.018,0.002,0.001,2309.0,1871.0,1.0
2.308,0.078,2.169,2.458,0.002,0.001,2364.0,2008.0,1.0
1.737,0.086,1.586,1.906,0.002,0.001,2437.0,1875.0,1.0
1.128,0.094,0.952,1.308,0.002,0.001,2532.0,2014.0,1.0
0.58,0.115,0.344,0.778,0.002,0.002,2746.0,1854.0,1.0
-0.07,0.146,-0.334,0.21,0.003,0.002,2522.0,1818.0,1.0
-0.683,0.191,-1.059,-0.356,0.004,0.003,2241.0,1811.0,1.0
-1.192,0.248,-1.637,-0.717,0.005,0.004,2207.0,1704.0,1.0
-2.126,0.374,-2.878,-1.437,0.008,0.006,2326.0,1614.0,1.0
-3.94,0.734,-5.328,-2.656,0.03,0.022,611.0,1182.0,1.01
-4.717,0.897,-6.405,-3.121,0.049,0.035,414.0,1137.0,1.02
-5.024,0.985,-6.871,-3.318,0.032,0.023,957.0,1223.0,1.01
-4.857,0.969,-6.514,-2.984,0.023,0.017,1910.0,1584.0,1.0
5.652,0.08,5.497,5.795,0.001,0.001,2933.0,2005.0,1.0
5.118,0.071,4.982,5.243,0.001,0.001,2510.0,1839.0,1.0
4.617,0.071,4.479,4.751,0.001,0.001,3003.0,1713.0,1.0
4.057,0.07,3.928,4.184,0.001,0.001,3046.0,2012.0,1.0
3.428,0.071,3.304,3.567,0.001,0.001,2525.0,1999.0,1.0
2.919,0.075,2.778,3.059,0.001,0.001,2719.0,2105.0,1.0
2.336,0.078,2.192,2.483,0.002,0.001,2398.0,1719.0,1.0
1.769,0.084,1.618,1.927,0.002,0.001,2335.0,2057.0,1.0
1.152,0.095,0.978,1.335,0.002,0.001,2743.0,1664.0,1.0
0.6,0.112,0.384,0.808,0.002,0.001,2914.0,1949.0,1.0
-0.038,0.145,-0.289,0.247,0.003,0.003,2434.0,1599.0,1.0
-0.671,0.192,-1.012,-0.314,0.004,0.003,2274.0,1804.0,1.01
-1.163,0.25,-1.633,-0.723,0.005,0.004,2268.0,1684.0,1.0
-2.137,0.374,-2.817,-1.391,0.008,0.006,2350.0,1563.0,1.0
-3.934,0.734,-5.236,-2.54,0.03,0.022,616.0,1124.0,1.01
-4.732,0.896,-6.492,-3.214,0.048,0.034,427.0,1149.0,1.02
-5.039,0.985,-6.935,-3.36,0.033,0.023,939.0,1205.0,1.01
-4.868,0.967,-6.482,-2.953,0.023,0.017,1904.0,1670.0,1.0
5.665,0.076,5.517,5.804,0.002,0.001,2542.0,1970.0,1.0
5.12,0.072,4.981,5.25,0.001,0.001,2710.0,1839.0,1.0
4.646,0.069,4.51,4.769,0.001,0.001,2365.0,2014.0,1.0
4.069,0.069,3.94,4.201,0.001,0.001,2450.0,2039.0,1.0
3.476,0.071,3.343,3.607,0.001,0.001,2473.0,1612.0,1.0
2.948,0.074,2.81,3.092,0.001,0.001,2768.0,1941.0,1.0
2.354,0.076,2.21,2.495,0.002,0.001,2328.0,1557.0,1.0
1.791,0.083,1.628,1.934,0.002,0.001,2459.0,1922.0,1.0
1.168,0.095,0.988,1.347,0.002,0.001,2519.0,1836.0,1.0
0.618,0.112,0.411,0.825,0.002,0.002,2539.0,2004.0,1.0
-0.005,0.146,-0.263,0.273,0.003,0.003,2664.0,1792.0,1.0
-0.655,0.19,-1.032,-0.315,0.004,0.003,2282.0,1924.0,1.0
-1.148,0.249,-1.611,-0.684,0.005,0.004,2227.0,1592.0,1.0
-2.145,0.374,-2.876,-1.44,0.008,0.006,2243.0,1665.0,1.0
-3.937,0.736,-5.325,-2.639,0.03,0.022,621.0,1135.0,1.01
-4.756,0.898,-6.477,-3.22,0.048,0.034,445.0,1211.0,1.02
-5.061,0.986,-6.823,-3.226,0.032,0.023,953.0,1163.0,1.01
-4.881,0.968,-6.583,-3.044,0.023,0.017,1915.0,1613.0,1.0
5.684,0.074,5.55,5.834,0.001,0.001,2925.0,1953.0,1.0
5.126,0.07,4.993,5.254,0.001,0.001,2680.0,1814.0,1.0
4.676,0.068,4.552,4.806,0.001,0.001,2383.0,1914.0,1.0
4.084,0.068,3.954,4.212,0.001,0.001,2374.0,1855.0,1.0
3.519,0.071,3.383,3.651,0.001,0.001,2798.0,1998.0,1.0
2.979,0.074,2.853,3.124,0.001,0.001,2775.0,2039.0,1.0
2.376,0.077,2.246,2.538,0.001,0.001,2699.0,1930.0,1.0
1.808,0.084,1.656,1.971,0.002,0.001,2604.0,1921.0,1.0
1.185,0.094,1.016,1.362,0.002,0.001,2716.0,1787.0,1.0
0.649,0.113,0.431,0.859,0.002,0.002,2668.0,1853.0,1.0
0.017,0.145,-0.232,0.303,0.003,0.003,2838.0,1885.0,1.0
-0.631,0.191,-0.977,-0.262,0.004,0.003,2329.0,1819.0,1.0
-1.139,0.25,-1.626,-0.697,0.005,0.004,2304.0,1834.0,1.0
-2.147,0.371,-2.866,-1.438,0.008,0.006,2343.0,1899.0,1.0
-3.95,0.735,-5.326,-2.613,0.03,0.022,625.0,1152.0,1.01
-4.779,0.895,-6.418,-3.165,0.048,0.034,426.0,1051.0,1.02
-5.076,0.986,-6.949,-3.395,0.032,0.023,969.0,1180.0,1.01
-4.891,0.965,-6.601,-3.106,0.023,0.017,1911.0,1655.0,1.0
5.683,0.076,5.553,5.836,0.002,0.001,2553.0,1926.0,1.0
5.131,0.069,5.012,5.274,0.001,0.001,2695.0,1898.0,1.0
4.671,0.068,4.554,4.806,0.001,0.001,2482.0,1870.0,1.0
4.082,0.07,3.957,4.218,0.001,0.001,2505.0,1890.0,1.0
3.533,0.07,3.408,3.671,0.001,0.001,2803.0,1832.0,1.0
2.987,0.072,2.85,3.121,0.001,0.001,2724.0,1957.0,1.0
2.378,0.076,2.247,2.526,0.002,0.001,2478.0,1785.0,1.0
1.8,0.083,1.637,1.949,0.002,0.001,2302.0,1899.0,1.0
1.188,0.093,1.009,1.367,0.002,0.001,2823.0,1769.0,1.0
0.65,0.113,0.422,0.846,0.002,0.002,2744.0,1841.0,1.0
0.015,0.145,-0.258,0.293,0.003,0.003,2660.0,1908.0,1.0
-0.632,0.193,-0.972,-0.253,0.004,0.003,2234.0,1697.0,1.0
-1.166,0.251,-1.658,-0.734,0.005,0.004,2267.0,1775.0,1.0
-2.18,0.372,-2.905,-1.48,0.008,0.006,2217.0,1715.0,1.0
-3.984,0.736,-5.345,-2.659,0.03,0.021,633.0,1087.0,1.01
-4.826,0.893,-6.491,-3.238,0.049,0.035,415.0,1202.0,1.02
-5.12,0.986,-6.927,-3.353,0.032,0.023,975.0,1127.0,1.01
-4.922,0.967,-6.617,-3.087,0.023,0.017,1914.0,1654.0,1.0
5.696,0.076,5.551,5.835,0.001,0.001,2756.0,1808.0,1.0
5.144,0.072,5.001,5.272,0.001,0.001,2653.0,1865.0,1.0
4.682,0.069,4.561,4.816,0.001,0.001,2861.0,1846.0,1.0
4.097,0.069,3.961,4.223,0.001,0.001,2972.0,1953.0,1.0
3.554,0.072,3.423,3.691,0.001,0.001,2937.0,1671.0,1.0
3.005,0.071,2.867,3.131,0.001,0.001,2659.0,2066.0,1.0
2.385,0.077,2.237,2.524,0.001,0.001,2856.0,2045.0,1.0
1.802,0.082,1.65,1.956,0.002,0.001,2603.0,1905.0,1.0
1.205,0.094,1.039,1.394,0.002,0.001,2886.0,2025.0,1.0
0.674,0.111,0.464,0.881,0.002,0.002,2532.0,1833.0,1.0
0.025,0.146,-0.246,0.294,0.003,0.003,2802.0,1718.0,1.0
-0.618,0.193,-0.982,-0.27,0.004,0.003,2225.0,1883.0,1.0
-1.178,0.248,-1.648,-0.717,0.005,0.004,2203.0,1778.0,1.0
-2.198,0.373,-2.957,-1.526,0.008,0.006,2214.0,1830.0,1.0
-4.009,0.735,-5.472,-2.779,0.03,0.022,623.0,1060.0,1.01
-4.848,0.89,-6.628,-3.367,0.048,0.034,458.0,1111.0,1.02
-5.149,0.986,-6.884,-3.281,0.032,0.023,951.0,1129.0,1.01
-4.945,0.966,-6.582,-3.077,0.023,0.017,1919.0,1639.0,1.0
5.701,0.073,5.57,5.844,0.001,0.001,2726.0,1677.0,1.0
5.162,0.071,5.02,5.282,0.001,0.001,2475.0,1717.0,1.0
4.691,0.069,4.569,4.822,0.001,0.001,2560.0,1920.0,1.0
4.129,0.069,4.003,4.261,0.001,0.001,3015.0,1877.0,1.0
3.582,0.07,3.45,3.713,0.001,0.001,3104.0,1873.0,1.0
3.026,0.073,2.904,3.174,0.001,0.001,2630.0,2039.0,1.0
2.409,0.077,2.269,2.548,0.002,0.001,2405.0,1973.0,1.0
1.819,0.083,1.662,1.972,0.002,0.001,2381.0,1943.0,1.0
1.217,0.092,1.042,1.386,0.002,0.001,2707.0,1687.0,1.0
0.699,0.115,0.488,0.917,0.002,0.002,2656.0,1769.0,1.0
0.03,0.149,-0.222,0.329,0.003,0.003,2791.0,1761.0,1.0
-0.597,0.194,-0.966,-0.238,0.004,0.003,2287.0,1843.0,1.0
-1.197,0.246,-1.616,-0.701,0.005,0.004,2303.0,1933.0,1.0
-2.2,0.373,-2.933,-1.496,0.008,0.006,2195.0,1688.0,1.0
-4.032,0.737,-5.446,-2.78,0.03,0.022,623.0,1100.0,1.01
-4.871,0.892,-6.549,-3.299,0.045,0.032,487.0,1197.0,1.02
-5.167,0.987,-6.96,-3.371,0.032,0.023,950.0,1164.0,1.01
-4.974,0.964,-6.612,-3.105,0.023,0.017,1851.0,1626.0,1.0
5.704,0.074,5.571,5.846,0.001,0.001,2663.0,1673.0,1.0
5.192,0.07,5.064,5.32,0.001,0.001,2325.0,1736.0,1.0
4.704,0.07,4.579,4.837,0.001,0.001,2624.0,1835.0,1.0
4.177,0.069,4.045,4.298,0.001,0.001,3170.0,1852.0,1.0
3.612,0.069,3.488,3.741,0.001,0.001,2842.0,2038.0,1.0
3.044,0.071,2.908,3.169,0.001,0.001,2553.0,1851.0,1.0
2.432,0.076,2.301,2.582,0.002,0.001,2567.0,1967.0,1.0
1.835,0.082,1.674,1.981,0.002,0.001,2107.0,1832.0,1.0
1.236,0.093,1.07,1.414,0.002,0.001,2549.0,1900.0,1.0
0.732,0.114,0.524,0.943,0.002,0.001,3001.0,1865.0,1.0
0.046,0.148,-0.23,0.323,0.003,0.003,2692.0,1603.0,1.0
-0.581,0.194,-0.953,-0.237,0.004,0.003,2173.0,1620.0,1.0
-1.205,0.246,-1.621,-0.717,0.005,0.004,2242.0,1932.0,1.0
-2.202,0.375,-2.932,-1.508,0.008,0.006,2216.0,1517.0,1.0
-4.055,0.738,-5.479,-2.772,0.03,0.022,602.0,1138.0,1.01
-4.892,0.893,-6.554,-3.307,0.047,0.033,426.0,1222.0,1.02
-5.18,0.987,-7.124,-3.534,0.032,0.023,957.0,1170.0,1.01
-5.002,0.964,-6.718,-3.221,0.023,0.017,1861.0,1572.0,1.0
5.708,0.071,5.581,5.846,0.001,0.001,2551.0,1857.0,1.0
5.221,0.069,5.098,5.353,0.001,0.001,2294.0,1715.0,1.0
4.718,0.069,4.587,4.843,0.001,0.001,2669.0,1972.0,1.0
4.219,0.069,4.09,4.344,0.001,0.001,2603.0,1905.0,1.0
3.642,0.07,3.508,3.77,0.001,0.001,2519.0,1881.0,1.0
3.065,0.072,2.922,3.188,0.002,0.001,2222.0,2068.0,1.0
2.448,0.077,2.297,2.585,0.002,0.001,2183.0,1850.0,1.0
1.852,0.082,1.698,2.004,0.002,0.001,2221.0,1840.0,1.0
1.266,0.095,1.094,1.447,0.002,0.001,2366.0,1957.0,1.0
0.753,0.114,0.542,0.957,0.002,0.002,2558.0,1635.0,1.0
0.069,0.148,-0.183,0.363,0.003,0.003,2601.0,1594.0,1.0
-0.573,0.193,-0.929,-0.199,0.004,0.003,2178.0,1769.0,1.0
-1.207,0.248,-1.663,-0.741,0.005,0.004,2279.0,1973.0,1.0
-2.216,0.376,-2.97,-1.534,0.008,0.006,2354.0,1806.0,1.0
-4.079,0.736,-5.487,-2.794,0.03,0.022,589.0,1148.0,1.01
-4.908,0.895,-6.585,-3.347,0.042,0.03,491.0,1282.0,1.02
-5.191,0.983,-7.018,-3.428,0.032,0.023,965.0,1133.0,1.01
-5.027,0.968,-6.694,-3.219,0.023,0.017,1887.0,1470.0,1.01
5.714,0.069,5.585,5.846,0.001,0.001,2448.0,1792.0,1.0
5.237,0.069,5.115,5.372,0.001,0.001,2392.0,1659.0,1.0
4.737,0.071,4.599,4.863,0.001,0.001,2846.0,1799.0,1.0
4.254,0.07,4.114,4.373,0.001,0.001,2532.0,1832.0,1.0
3.671,0.07,3.537,3.796,0.001,0.001,2326.0,1892.0,1.0
3.088,0.07,2.962,3.218,0.002,0.001,2113.0,1746.0,1.0
2.461,0.075,2.328,2.608,0.002,0.001,2137.0,1950.0,1.0
1.875,0.083,1.717,2.023,0.002,0.001,2457.0,1797.0,1.0
1.288,0.094,1.111,1.467,0.002,0.001,2315.0,1614.0,1.0
0.772,0.112,0.568,0.985,0.002,0.002,2388.0,1743.0,1.0
0.09,0.149,-0.193,0.366,0.003,0.002,2703.0,1947.0,1.0
-0.579,0.195,-0.939,-0.205,0.004,0.003,2227.0,1545.0,1.0
-1.219,0.251,-1.708,-0.765,0.005,0.004,2295.0,1933.0,1.0
-2.23,0.377,-2.973,-1.535,0.008,0.006,2388.0,1699.0,1.0
-4.105,0.737,-5.541,-2.859,0.03,0.022,616.0,1113.0,1.01
-4.931,0.894,-6.608,-3.33,0.042,0.03,515.0,1205.0,1.01
-5.201,0.981,-7.11,-3.541,0.032,0.023,986.0,1181.0,1.01
-5.046,0.967,-6.717,-3.208,0.023,0.017,1884.0,1533.0,1.0
5.764,0.069,5.635,5.888,0.001,0.001,2368.0,1805.0,1.0
5.282,0.067,5.149,5.4,0.001,0.001,2456.0,1669.0,1.0
4.785,0.068,4.659,4.913,0.001,0.001,2772.0,1414.0,1.0
4.309,0.067,4.187,4.436,0.001,0.001,2640.0,2044.0,1.0
3.723,0.066,3.588,3.832,0.001,0.001,2347.0,1970.0,1.0
3.129,0.069,3.007,3.258,0.001,0.001,2738.0,2015.0,1.0
2.497,0.073,2.366,2.634,0.001,0.001,2519.0,1768.0,1.0
1.927,0.082,1.76,2.069,0.002,0.001,2563.0,1873.0,1.0
1.346,0.094,1.176,1.517,0.002,0.001,2361.0,1901.0,1.0
0.816,0.109,0.613,1.026,0.002,0.002,2422.0,1792.0,1.0
0.138,0.148,-0.133,0.41,0.003,0.002,2750.0,1708.0,1.0
-0.557,0.194,-0.919,-0.198,0.004,0.003,2255.0,1681.0,1.0
-1.203,0.249,-1.663,-0.722,0.005,0.004,2353.0,1816.0,1.0
-2.22,0.374,-3.002,-1.563,0.008,0.006,2212.0,1715.0,1.0
-4.093,0.736,-5.465,-2.792,0.03,0.022,615.0,1178.0,1.01
-4.926,0.893,-6.678,-3.413,0.046,0.033,458.0,1235.0,1.02
-5.19,0.978,-6.931,-3.367,0.032,0.023,953.0,1106.0,1.01
-5.04,0.961,-6.733,-3.26,0.023,0.017,1896.0,1498.0,1.0
5.822,0.07,5.687,5.943,0.001,0.001,2655.0,2049.0,1.0
5.334,0.069,5.198,5.454,0.001,0.001,2749.0,2059.0,1.0
4.86,0.068,4.733,4.985,0.001,0.001,2371.0,1943.0,1.0
4.38,0.067,4.249,4.498,0.001,0.001,3009.0,2013.0,1.0
3.787,0.069,3.644,3.902,0.001,0.001,2756.0,1755.0,1.0
3.196,0.071,3.065,3.333,0.001,0.001,2682.0,2133.0,1.0
2.556,0.075,2.427,2.702,0.001,0.001,2942.0,1727.0,1.0
1.981,0.08,1.837,2.137,0.002,0.001,2863.0,1599.0,1.0
1.414,0.094,1.249,1.607,0.002,0.001,2474.0,1804.0,1.0
0.864,0.11,0.668,1.083,0.002,0.001,2944.0,1480.0,1.0
0.201,0.147,-0.062,0.476,0.003,0.002,2683.0,1648.0,1.0
-0.533,0.192,-0.909,-0.192,0.004,0.003,2495.0,1607.0,1.0
-1.163,0.25,-1.646,-0.707,0.005,0.004,2442.0,1832.0,1.0
-2.2,0.373,-2.945,-1.532,0.008,0.006,2235.0,1520.0,1.0
-4.073,0.733,-5.495,-2.82,0.03,0.021,618.0,1167.0,1.01
-4.901,0.892,-6.62,-3.399,0.044,0.031,468.0,1323.0,1.01
-5.176,0.975,-6.908,-3.363,0.032,0.023,961.0,1147.0,1.01
-5.021,0.959,-6.731,-3.234,0.023,0.017,1918.0,1523.0,1.0
5.869,0.071,5.739,6.005,0.001,0.001,2903.0,1908.0,1.0
5.37,0.068,5.244,5.496,0.001,0.001,2639.0,1836.0,1.0
4.932,0.068,4.81,5.059,0.001,0.001,2600.0,1794.0,1.0
4.433,0.067,4.314,4.562,0.001,0.001,2889.0,1499.0,1.0
3.828,0.067,3.705,3.954,0.001,0.001,2902.0,1827.0,1.0
3.242,0.071,3.114,3.378,0.001,0.001,2786.0,2107.0,1.0
2.596,0.075,2.465,2.738,0.001,0.001,2964.0,1829.0,1.0
2.024,0.08,1.876,2.168,0.002,0.001,2651.0,1729.0,1.0
1.47,0.092,1.296,1.64,0.002,0.001,3119.0,1989.0,1.0
0.904,0.11,0.686,1.096,0.002,0.002,2271.0,1625.0,1.0
0.241,0.147,-0.009,0.535,0.003,0.002,2735.0,1875.0,1.0
-0.517,0.194,-0.867,-0.144,0.004,0.003,2411.0,1951.0,1.0
-1.141,0.248,-1.577,-0.638,0.005,0.004,2449.0,1826.0,1.0
-2.2,0.372,-2.967,-1.551,0.008,0.006,2351.0,1669.0,1.0
-4.071,0.734,-5.476,-2.808,0.03,0.021,631.0,1128.0,1.01
-4.89,0.891,-6.647,-3.408,0.044,0.031,463.0,1270.0,1.01
-5.181,0.977,-6.947,-3.391,0.032,0.023,981.0,1169.0,1.01
-5.014,0.958,-6.729,-3.262,0.023,0.017,1909.0,1535.0,1.0
5.923,0.068,5.784,6.046,0.001,0.001,2827.0,1934.0,1.0
5.408,0.066,5.289,5.536,0.001,0.001,2963.0,1834.0,1.0
4.997,0.067,4.873,5.12,0.001,0.001,2727.0,1784.0,1.0
4.486,0.067,4.355,4.601,0.001,0.001,2704.0,1506.0,1.0
3.873,0.068,3.745,3.996,0.001,0.001,2640.0,1724.0,1.0
3.282,0.07,3.144,3.409,0.001,0.001,2797.0,1908.0,1.0
2.636,0.073,2.507,2.784,0.001,0.001,2739.0,2062.0,1.0
2.078,0.079,1.936,2.224,0.002,0.001,2710.0,1962.0,1.0
1.515,0.092,1.332,1.682,0.002,0.001,2550.0,1794.0,1.0
0.95,0.109,0.74,1.151,0.002,0.002,2522.0,1371.0,1.0
0.272,0.143,0.006,0.54,0.003,0.002,2772.0,1718.0,1.0
-0.496,0.195,-0.882,-0.148,0.004,0.003,2547.0,1680.0,1.0
-1.131,0.246,-1.593,-0.671,0.005,0.004,2451.0,1931.0,1.0
-2.201,0.372,-2.904,-1.494,0.008,0.006,2396.0,1715.0,1.0
-4.063,0.734,-5.542,-2.863,0.03,0.021,633.0,1185.0,1.01
-4.878,0.889,-6.566,-3.332,0.043,0.031,505.0,1187.0,1.01
-5.182,0.979,-6.923,-3.388,0.032,0.023,1000.0,1133.0,1.01
-5.004,0.957,-6.778,-3.279,0.022,0.017,2040.0,1534.0,1.0
5.984,0.066,5.856,6.106,0.001,0.001,2792.0,1868.0,1.0
5.457,0.068,5.317,5.577,0.001,0.001,2804.0,1769.0,1.0
5.063,0.068,4.937,5.193,0.001,0.001,2375.0,1775.0,1.0
4.546,0.066,4.423,4.669,0.001,0.001,2526.0,2013.0,1.0
3.927,0.066,3.804,4.05,0.001,0.001,2369.0,1830.0,1.0
3.325,0.069,3.187,3.451,0.001,0.001,2290.0,1953.0,1.0
2.69,0.073,2.554,2.827,0.001,0.001,2551.0,1846.0,1.0
2.13,0.079,1.996,2.284,0.002,0.001,2469.0,1943.0,1.0
1.564,0.092,1.403,1.752,0.002,0.001,2722.0,2015.0,1.0
1.001,0.11,0.798,1.206,0.002,0.002,2691.0,1667.0,1.0
0.297,0.143,0.044,0.573,0.003,0.002,3030.0,1864.0,1.0
-0.478,0.194,-0.837,-0.104,0.004,0.003,2450.0,1612.0,1.0
-1.114,0.246,-1.554,-0.638,0.005,0.004,2496.0,1838.0,1.0
-2.196,0.369,-2.94,-1.529,0.008,0.006,2401.0,1872.0,1.0
-4.056,0.735,-5.563,-2.869,0.03,0.021,646.0,1240.0,1.01
-4.857,0.889,-6.567,-3.338,0.043,0.031,528.0,1186.0,1.01
-5.171,0.98,-7.082,-3.531,0.032,0.023,1001.0,1194.0,1.01
-4.983,0.956,-6.636,-3.139,0.022,0.016,2026.0,1586.0,1.0
6.014,0.066,5.89,6.139,0.001,0.001,2674.0,2056.0,1.0
5.496,0.066,5.379,5.623,0.001,0.001,2573.0,1813.0,1.0
5.109,0.066,4.987,5.231,0.001,0.001,2707.0,1775.0,1.0
4.589,0.066,4.456,4.706,0.001,0.001,2332.0,1781.0,1.0
3.958,0.067,3.829,4.082,0.001,0.001,2373.0,1776.0,1.0
3.352,0.069,3.225,3.487,0.001,0.001,2332.0,1836.0,1.0
2.732,0.071,2.589,2.862,0.001,0.001,2668.0,1879.0,1.0
2.178,0.078,2.034,2.331,0.002,0.001,2595.0,2016.0,1.0
1.599,0.092,1.441,1.784,0.002,0.001,2909.0,2016.0,1.0
1.039,0.108,0.846,1.241,0.002,0.001,2764.0,1560.0,1.0
0.309,0.143,0.041,0.576,0.003,0.002,2930.0,1637.0,1.0
-0.471,0.193,-0.864,-0.139,0.004,0.003,2562.0,1933.0,1.0
-1.115,0.247,-1.582,-0.669,0.005,0.004,2404.0,1997.0,1.0
-2.194,0.37,-2.906,-1.488,0.008,0.006,2353.0,1804.0,1.0
-4.06,0.734,-5.529,-2.845,0.03,0.021,642.0,1198.0,1.01
-4.856,0.885,-6.513,-3.292,0.045,0.033,436.0,1338.0,1.01
-5.174,0.979,-7.077,-3.494,0.031,0.022,1002.0,1104.0,1.01
-4.976,0.954,-6.579,-3.078,0.022,0.017,2038.0,1614.0,1.01
6.06,0.068,5.935,6.196,0.001,0.001,3066.0,2058.0,1.0
5.56,0.068,5.439,5.695,0.001,0.001,2650.0,1581.0,1.0
5.168,0.065,5.051,5.295,0.001,0.001,2948.0,2028.0,1.0
4.642,0.064,4.532,4.773,0.001,0.001,2437.0,2005.0,1.0
4.014,0.067,3.892,4.14,0.001,0.001,2267.0,1725.0,1.0
3.4,0.073,3.271,3.54,0.001,0.001,2736.0,1839.0,1.0
2.776,0.074,2.638,2.912,0.001,0.001,2835.0,1820.0,1.0
2.235,0.078,2.095,2.388,0.002,0.001,2312.0,1944.0,1.0
1.636,0.094,1.455,1.807,0.002,0.001,2606.0,1695.0,1.0
1.092,0.109,0.873,1.279,0.002,0.001,2961.0,1794.0,1.0
0.322,0.142,0.06,0.584,0.003,0.002,2826.0,1875.0,1.0
-0.441,0.192,-0.784,-0.066,0.004,0.003,2533.0,1780.0,1.0
-1.105,0.248,-1.543,-0.624,0.005,0.003,2690.0,1787.0,1.0
-2.184,0.371,-2.924,-1.507,0.008,0.006,2326.0,1747.0,1.0
-4.046,0.731,-5.498,-2.836,0.03,0.021,633.0,1168.0,1.01
-4.853,0.883,-6.561,-3.378,0.048,0.036,456.0,1358.0,1.01
-5.165,0.973,-6.991,-3.45,0.031,0.022,983.0,1111.0,1.01
-4.958,0.95,-6.584,-3.098,0.022,0.017,1939.0,1537.0,1.01
6.089,0.068,5.969,6.221,0.001,0.001,3009.0,2058.0,1.0
5.623,0.067,5.498,5.742,0.001,0.001,2975.0,1932.0,1.0
5.213,0.066,5.091,5.338,0.001,0.001,2583.0,1913.0,1.0
4.674,0.065,4.547,4.796,0.001,0.001,2664.0,1919.0,1.0
4.051,0.069,3.928,4.19,0.001,0.001,2866.0,1873.0,1.0
3.431,0.071,3.303,3.562,0.001,0.001,2593.0,2044.0,1.0
2.81,0.074,2.668,2.947,0.001,0.001,2653.0,1860.0,1.0
2.283,0.079,2.134,2.432,0.002,0.001,2710.0,2047.0,1.0
1.667,0.091,1.502,1.847,0.002,0.001,2513.0,1715.0,1.0
1.123,0.11,0.927,1.339,0.002,0.002,2648.0,1862.0,1.0
0.329,0.144,0.064,0.603,0.003,0.002,2954.0,1737.0,1.01
-0.429,0.192,-0.787,-0.059,0.004,0.003,2511.0,1425.0,1.0
-1.114,0.247,-1.588,-0.672,0.005,0.003,2595.0,1933.0,1.0
-2.191,0.371,-2.928,-1.495,0.007,0.006,2530.0,1805.0,1.0
-4.045,0.73,-5.5,-2.812,0.03,0.021,640.0,1114.0,1.01
-4.867,0.883,-6.509,-3.34,0.048,0.036,444.0,1317.0,1.01
-5.168,0.972,-6.88,-3.368,0.031,0.022,1005.0,1193.0,1.01
-4.949,0.949,-6.597,-3.087,0.022,0.017,1944.0,1534.0,1.01
6.121,0.067,5.999,6.249,0.001,0.001,2771.0,1849.0,1.0
5.683,0.064,5.568,5.806,0.001,0.001,2494.0,1896.0,1.0
5.26,0.064,5.145,5.385,0.001,0.001,2535.0,1879.0,1.0
4.713,0.064,4.589,4.832,0.001,0.001,2401.0,1812.0,1.0
4.085,0.068,3.948,4.206,0.001,0.001,2557.0,1739.0,1.0
3.466,0.071,3.338,3.599,0.001,0.001,2485.0,1850.0,1.0
2.858,0.072,2.725,3.0,0.001,0.001,2333.0,2025.0,1.0
2.322,0.078,2.171,2.462,0.002,0.001,2686.0,1804.0,1.0
1.707,0.091,1.547,1.885,0.002,0.001,2546.0,1829.0,1.0
1.149,0.109,0.946,1.351,0.002,0.002,2557.0,1880.0,1.0
0.345,0.145,0.065,0.613,0.003,0.002,2997.0,1607.0,1.0
-0.425,0.19,-0.768,-0.072,0.004,0.003,2494.0,1574.0,1.0
-1.121,0.246,-1.567,-0.669,0.005,0.003,2620.0,1972.0,1.0
-2.189,0.368,-2.926,-1.517,0.008,0.006,2436.0,1777.0,1.0
-4.038,0.729,-5.408,-2.744,0.03,0.021,587.0,1099.0,1.01
-4.873,0.883,-6.562,-3.372,0.049,0.036,480.0,1212.0,1.01
-5.164,0.972,-7.021,-3.502,0.031,0.022,998.0,1111.0,1.01
-4.935,0.951,-6.599,-3.068,0.022,0.017,1947.0,1534.0,1.01
6.152,0.065,6.034,6.274,0.001,0.001,2863.0,1832.0,1.0
5.734,0.064,5.622,5.856,0.001,0.001,2636.0,1902.0,1.0
5.307,0.065,5.188,5.426,0.001,0.001,2565.0,1998.0,1.0
4.753,0.066,4.638,4.883,0.001,0.001,2412.0,2000.0,1.0
4.115,0.067,3.985,4.235,0.001,0.001,2333.0,1742.0,1.0
3.506,0.069,3.376,3.636,0.001,0.001,2351.0,1877.0,1.0
2.896,0.074,2.752,3.03,0.002,0.001,2379.0,1845.0,1.0
2.357,0.079,2.211,2.501,0.002,0.001,2630.0,2020.0,1.0
1.745,0.089,1.584,1.927,0.002,0.001,2715.0,1831.0,1.0
1.16,0.11,0.946,1.352,0.002,0.001,2739.0,1814.0,1.0
0.349,0.145,0.048,0.594,0.003,0.002,2976.0,1696.0,1.0
-0.421,0.189,-0.773,-0.06,0.004,0.003,2480.0,1513.0,1.0
-1.13,0.245,-1.583,-0.679,0.005,0.003,2629.0,1921.0,1.0
-2.195,0.369,-2.891,-1.497,0.007,0.005,2487.0,1834.0,1.0
-4.031,0.729,-5.402,-2.741,0.03,0.021,646.0,1145.0,1.01
-4.876,0.885,-6.474,-3.292,0.049,0.035,445.0,1247.0,1.01
-5.156,0.971,-7.037,-3.517,0.031,0.022,1002.0,1141.0,1.01
-4.918,0.95,-6.652,-3.134,0.022,0.016,1964.0,1585.0,1.01
6.167,0.066,6.049,6.3,0.001,0.001,2896.0,1979.0,1.0
5.762,0.062,5.65,5.881,0.001,0.001,2916.0,1870.0,1.0
5.331,0.064,5.21,5.445,0.001,0.001,2556.0,1776.0,1.0
4.766,0.066,4.64,4.888,0.001,0.001,2887.0,1837.0,1.0
4.123,0.066,3.995,4.24,0.001,0.001,2588.0,1652.0,1.0
3.53,0.07,3.401,3.66,0.001,0.001,2685.0,1811.0,1.0
2.926,0.073,2.776,3.051,0.001,0.001,2842.0,1933.0,1.0
2.374,0.081,2.215,2.519,0.002,0.001,2690.0,1773.0,1.0
1.765,0.09,1.588,1.926,0.002,0.001,2759.0,1629.0,1.0
1.154,0.109,0.943,1.343,0.002,0.001,2675.0,1955.0,1.0
0.338,0.147,0.052,0.603,0.003,0.002,3253.0,1659.0,1.0
-0.44,0.19,-0.788,-0.073,0.004,0.003,2413.0,1753.0,1.0
-1.146,0.244,-1.617,-0.717,0.005,0.003,2644.0,1932.0,1.0
-2.218,0.366,-2.952,-1.541,0.008,0.005,2435.0,1694.0,1.0
-4.048,0.729,-5.406,-2.754,0.03,0.021,600.0,1155.0,1.01
-4.897,0.888,-6.529,-3.331,0.049,0.035,444.0,1300.0,1.01
-5.167,0.971,-7.035,-3.496,0.031,0.022,995.0,1177.0,1.01
-4.921,0.953,-6.577,-3.046,0.022,0.016,2052.0,1612.0,1.01
6.197,0.066,6.083,6.328,0.001,0.001,2422.0,2004.0,1.0
5.803,0.064,5.687,5.931,0.001,0.001,3269.0,1965.0,1.0
5.364,0.066,5.24,5.484,0.001,0.001,2505.0,1639.0,1.0
4.803,0.067,4.676,4.924,0.001,0.001,2480.0,1750.0,1.0
4.153,0.067,4.036,4.286,0.001,0.001,2761.0,1702.0,1.0
3.555,0.069,3.421,3.675,0.001,0.001,2665.0,2013.0,1.0
2.964,0.075,2.823,3.099,0.001,0.001,2908.0,1950.0,1.0
2.392,0.08,2.243,2.545,0.002,0.001,2794.0,1939.0,1.01
1.799,0.091,1.621,1.97,0.002,0.001,2609.0,1996.0,1.0
1.147,0.108,0.937,1.335,0.002,0.001,2698.0,1814.0,1.0
0.348,0.148,0.079,0.625,0.003,0.002,3108.0,1812.0,1.0
-0.45,0.191,-0.816,-0.1,0.004,0.003,2416.0,1545.0,1.0
-1.155,0.247,-1.608,-0.704,0.005,0.003,2586.0,1931.0,1.0
-2.224,0.366,-2.924,-1.519,0.008,0.005,2437.0,1727.0,1.0
-4.064,0.727,-5.413,-2.74,0.03,0.021,632.0,1116.0,1.01
-4.908,0.885,-6.541,-3.375,0.049,0.035,451.0,1188.0,1.01
-5.168,0.973,-7.0,-3.468,0.031,0.022,1020.0,1151.0,1.01
-4.913,0.954,-6.726,-3.175,0.022,0.016,1950.0,1670.0,1.01
6.236,0.066,6.112,6.357,0.001,0.001,2366.0,1890.0,1.0
5.834,0.066,5.721,5.965,0.001,0.001,3041.0,1819.0,1.0
5.384,0.065,5.265,5.507,0.001,0.001,2750.0,1672.0,1.0
4.827,0.068,4.702,4.956,0.001,0.001,2758.0,1909.0,1.0
4.17,0.067,4.047,4.295,0.001,0.001,2744.0,2002.0,1.0
3.575,0.071,3.444,3.707,0.001,0.001,2932.0,1746.0,1.0
2.998,0.073,2.868,3.141,0.002,0.001,2298.0,1824.0,1.0
2.409,0.078,2.271,2.565,0.002,0.001,2561.0,1852.0,1.0
1.815,0.092,1.642,1.99,0.002,0.001,2801.0,2018.0,1.0
1.141,0.11,0.933,1.329,0.002,0.002,2593.0,1964.0,1.0
0.347,0.147,0.075,0.623,0.003,0.002,2984.0,2006.0,1.0
-0.472,0.193,-0.82,-0.093,0.004,0.003,2627.0,1683.0,1.0
-1.176,0.246,-1.63,-0.717,0.005,0.003,2582.0,2014.0,1.0
-2.235,0.369,-2.915,-1.498,0.008,0.006,2437.0,1795.0,1.0
-4.091,0.73,-5.431,-2.75,0.03,0.021,636.0,1170.0,1.01
-4.924,0.882,-6.561,-3.406,0.049,0.035,444.0,1257.0,1.01
-5.173,0.971,-6.813,-3.29,0.031,0.022,1013.0,1136.0,1.01
-4.916,0.954,-6.711,-3.178,0.022,0.016,2101.0,1671.0,1.01
6.296,0.068,6.171,6.422,0.001,0.001,2598.0,1615.0,1.0
5.874,0.067,5.75,5.998,0.001,0.001,3059.0,1786.0,1.0
5.415,0.069,5.29,5.546,0.001,0.001,2981.0,1779.0,1.0
4.854,0.068,4.721,4.98,0.001,0.001,3011.0,1789.0,1.0
4.197,0.067,4.08,4.331,0.001,0.001,3044.0,2011.0,1.0
3.616,0.072,3.487,3.758,0.001,0.001,2621.0,1761.0,1.0
3.03,0.074,2.893,3.162,0.001,0.001,2859.0,2024.0,1.0
2.442,0.079,2.297,2.595,0.002,0.001,2554.0,2012.0,1.0
1.834,0.092,1.648,2.004,0.002,0.001,2472.0,1844.0,1.0
1.15,0.11,0.946,1.35,0.002,0.001,2728.0,1634.0,1.0
0.344,0.145,0.077,0.618,0.003,0.002,3166.0,1848.0,1.0
-0.486,0.192,-0.832,-0.118,0.004,0.003,2581.0,1797.0,1.0
-1.181,0.246,-1.644,-0.74,0.005,0.004,2511.0,1932.0,1.0
-2.236,0.37,-2.96,-1.533,0.008,0.006,2404.0,1842.0,1.0
-4.105,0.728,-5.525,-2.868,0.03,0.021,634.0,1214.0,1.01
-4.927,0.882,-6.591,-3.386,0.052,0.037,382.0,1246.0,1.02
-5.167,0.97,-6.882,-3.389,0.031,0.022,995.0,1149.0,1.01
-4.912,0.952,-6.809,-3.28,0.022,0.016,1988.0,1672.0,1.01
6.339,0.067,6.215,6.459,0.001,0.001,2429.0,1966.0,1.0
5.904,0.064,5.796,6.038,0.001,0.001,2744.0,2040.0,1.0
5.439,0.066,5.322,5.569,0.001,0.001,2620.0,1882.0,1.0
4.867,0.067,4.744,4.99,0.001,0.001,2985.0,1843.0,1.0
4.221,0.067,4.091,4.34,0.001,0.001,2878.0,1828.0,1.0
3.638,0.071,3.499,3.766,0.001,0.001,2586.0,1577.0,1.0
3.049,0.075,2.909,3.187,0.001,0.001,3005.0,1819.0,1.0
2.463,0.079,2.315,2.613,0.001,0.001,2779.0,1808.0,1.0
1.829,0.092,1.658,2.001,0.002,0.001,3016.0,1917.0,1.0
1.137,0.109,0.939,1.339,0.002,0.001,2721.0,1794.0,1.0
0.331,0.146,0.077,0.613,0.003,0.002,3103.0,1915.0,1.0
-0.511,0.194,-0.893,-0.158,0.004,0.003,2518.0,1620.0,1.0
-1.203,0.245,-1.665,-0.754,0.005,0.004,2459.0,1854.0,1.0
-2.245,0.368,-2.952,-1.557,0.008,0.006,2332.0,1764.0,1.0
-4.124,0.728,-5.51,-2.846,0.03,0.021,641.0,1255.0,1.01
-4.936,0.883,-6.661,-3.435,0.05,0.036,426.0,1265.0,1.01
-5.166,0.973,-6.903,-3.401,0.031,0.022,1038.0,1152.0,1.01
-4.914,0.952,-6.8,-3.291,0.021,0.016,2137.0,1632.0,1.01
6.376,0.066,6.254,6.496,0.001,0.001,2775.0,2059.0,1.0
5.934,0.064,5.808,6.05,0.001,0.001,2659.0,1791.0,1.0
5.458,0.067,5.331,5.583,0.001,0.001,3095.0,1865.0,1.0
4.881,0.066,4.756,4.999,0.001,0.001,2590.0,1932.0,1.0
4.251,0.066,4.123,4.368,0.001,0.001,2723.0,1963.0,1.0
3.673,0.07,3.549,3.808,0.001,0.001,2501.0,1542.0,1.0
3.072,0.075,2.936,3.216,0.001,0.001,2742.0,1962.0,1.0
2.489,0.08,2.338,2.641,0.002,0.001,2672.0,1881.0,1.0
1.829,0.092,1.65,1.99,0.002,0.001,2292.0,1654.0,1.0
1.131,0.11,0.919,1.322,0.002,0.001,2957.0,1916.0,1.0
0.318,0.147,0.057,0.6,0.003,0.002,2997.0,1925.0,1.0
-0.521,0.196,-0.873,-0.131,0.004,0.003,2411.0,1405.0,1.0
-1.22,0.246,-1.675,-0.772,0.005,0.004,2481.0,1839.0,1.0
-2.256,0.366,-2.927,-1.523,0.008,0.006,2337.0,1882.0,1.0
-4.139,0.726,-5.576,-2.931,0.029,0.021,635.0,1192.0,1.01
-4.941,0.881,-6.617,-3.426,0.051,0.036,397.0,1201.0,1.02
-5.163,0.974,-6.836,-3.34,0.031,0.022,1030.0,1122.0,1.01
-4.912,0.953,-6.757,-3.239,0.022,0.016,2111.0,1735.0,1.0
6.417,0.066,6.293,6.537,0.001,0.001,2898.0,1918.0,1.0
5.971,0.064,5.841,6.08,0.001,0.001,2822.0,2087.0,1.0
5.499,0.066,5.376,5.623,0.001,0.001,2506.0,1918.0,1.0
4.914,0.067,4.797,5.049,0.001,0.001,3098.0,1882.0,1.0
4.279,0.066,4.154,4.397,0.001,0.001,2703.0,1809.0,1.0
3.715,0.07,3.587,3.845,0.001,0.001,2499.0,1774.0,1.0
3.093,0.075,2.952,3.234,0.001,0.001,2712.0,2043.0,1.0
2.527,0.081,2.369,2.669,0.002,0.001,2732.0,1841.0,1.0
1.826,0.09,1.677,2.016,0.002,0.001,2566.0,1859.0,1.0
1.146,0.111,0.935,1.35,0.002,0.001,2906.0,1811.0,1.0
0.312,0.148,0.029,0.58,0.003,0.002,3121.0,1764.0,1.0
-0.527,0.195,-0.88,-0.152,0.004,0.003,2571.0,1666.0,1.0
-1.222,0.244,-1.682,-0.78,0.005,0.004,2533.0,1877.0,1.0
-2.269,0.364,-2.979,-1.573,0.008,0.006,2346.0,1835.0,1.0
-4.146,0.726,-5.566,-2.921,0.029,0.021,634.0,1178.0,1.01
-4.938,0.884,-6.626,-3.43,0.049,0.035,483.0,1222.0,1.01
-5.151,0.973,-6.821,-3.371,0.031,0.022,1022.0,1157.0,1.01
-4.903,0.954,-6.778,-3.259,0.022,0.016,2072.0,1705.0,1.0
6.458,0.066,6.352,6.602,0.001,0.001,3083.0,1916.0,1.0
5.997,0.065,5.873,6.112,0.001,0.001,2735.0,1776.0,1.0
5.529,0.066,5.409,5.653,0.001,0.001,3108.0,2079.0,1.0
4.938,0.068,4.81,5.069,0.001,0.001,3133.0,2047.0,1.0
4.305,0.068,4.171,4.429,0.001,0.001,3192.0,1699.0,1.0
3.755,0.069,3.633,3.89,0.001,0.001,2957.0,1906.0,1.0
3.117,0.074,2.982,3.254,0.001,0.001,2662.0,2080.0,1.0
2.55,0.079,2.396,2.689,0.002,0.001,2716.0,1843.0,1.0
1.826,0.095,1.664,2.019,0.002,0.001,2864.0,1937.0,1.0
1.151,0.11,0.957,1.38,0.002,0.001,3035.0,1714.0,1.0
0.296,0.148,0.024,0.578,0.003,0.002,3195.0,1800.0,1.0
-0.541,0.196,-0.884,-0.16,0.004,0.003,2599.0,1421.0,1.0
-1.227,0.244,-1.691,-0.776,0.005,0.004,2508.0,1789.0,1.0
-2.29,0.365,-2.993,-1.577,0.008,0.005,2422.0,1883.0,1.0
-4.156,0.723,-5.516,-2.912,0.029,0.021,630.0,1230.0,1.01
-4.937,0.884,-6.609,-3.384,0.045,0.032,640.0,1224.0,1.01
-5.148,0.972,-6.836,-3.372,0.03,0.022,1051.0,1123.0,1.0
-4.898,0.954,-6.621,-3.113,0.022,0.016,2067.0,1735.0,1.0
6.483,0.068,6.363,6.611,0.001,0.001,2560.0,1695.0,1.0
6.012,0.065,5.892,6.134,0.001,0.001,2768.0,1711.0,1.0
5.539,0.064,5.421,5.66,0.001,0.001,3039.0,1875.0,1.0
4.949,0.067,4.832,5.079,0.001,0.001,2958.0,2077.0,1.0
4.33,0.069,4.196,4.45,0.001,0.001,2883.0,1818.0,1.0
3.771,0.068,3.635,3.893,0.001,0.001,2485.0,1745.0,1.0
3.134,0.074,3.004,3.279,0.001,0.001,2667.0,1609.0,1.0
2.552,0.081,2.398,2.696,0.002,0.001,2638.0,1843.0,1.0
1.818,0.095,1.637,1.988,0.002,0.001,2614.0,1771.0,1.0
1.132,0.111,0.92,1.328,0.002,0.001,3043.0,1867.0,1.0
0.266,0.149,-0.027,0.534,0.003,0.002,3135.0,1856.0,1.0
-0.563,0.195,-0.895,-0.162,0.004,0.003,2402.0,1519.0,1.0
-1.244,0.244,-1.754,-0.835,0.005,0.004,2386.0,1586.0,1.0
-2.319,0.365,-3.015,-1.607,0.007,0.005,2503.0,1852.0,1.0
-4.176,0.726,-5.55,-2.915,0.029,0.021,634.0,1123.0,1.01
-4.947,0.886,-6.621,-3.415,0.046,0.032,588.0,1220.0,1.01
-5.16,0.973,-6.83,-3.352,0.03,0.022,1082.0,1172.0,1.0
-4.905,0.952,-6.688,-3.146,0.022,0.016,2100.0,1672.0,1.0
6.516,0.067,6.389,6.636,0.001,0.001,2660.0,1835.0,1.0
6.038,0.064,5.921,6.161,0.001,0.001,3021.0,1967.0,1.0
5.555,0.063,5.446,5.678,0.001,0.001,2700.0,1837.0,1.0
4.975,0.066,4.85,5.099,0.001,0.001,2707.0,1971.0,1.0
4.355,0.066,4.233,4.479,0.001,0.001,2899.0,1729.0,1.0
3.793,0.071,3.655,3.916,0.001,0.001,2682.0,1949.0,1.0
3.157,0.073,3.022,3.294,0.001,0.001,2647.0,2092.0,1.0
2.55,0.083,2.39,2.699,0.002,0.001,2592.0,1788.0,1.0
1.809,0.094,1.647,1.994,0.002,0.001,2449.0,1960.0,1.0
1.121,0.113,0.926,1.336,0.002,0.002,2816.0,1805.0,1.0
0.243,0.149,-0.027,0.538,0.003,0.002,3088.0,1848.0,1.0
-0.583,0.195,-0.943,-0.219,0.004,0.003,2422.0,1696.0,1.0
-1.251,0.244,-1.739,-0.847,0.005,0.004,2448.0,1753.0,1.0
-2.336,0.368,-3.008,-1.587,0.007,0.005,2522.0,1774.0,1.0
-4.182,0.726,-5.472,-2.868,0.029,0.021,635.0,1178.0,1.01
-4.944,0.886,-6.593,-3.397,0.043,0.03,736.0,1299.0,1.01
-5.16,0.971,-6.829,-3.34,0.03,0.022,1089.0,1133.0,1.01
-4.9,0.953,-6.884,-3.318,0.021,0.016,2145.0,1618.0,1.0
6.561,0.067,6.44,6.686,0.001,0.001,2460.0,2015.0,1.0
6.07,0.066,5.958,6.201,0.001,0.001,2824.0,1590.0,1.0
5.583,0.063,5.468,5.704,0.001,0.001,2783.0,1667.0,1.0
5.019,0.068,4.893,5.147,0.001,0.001,3006.0,1936.0,1.0
4.404,0.066,4.279,4.524,0.001,0.001,3148.0,1891.0,1.0
3.829,0.072,3.689,3.955,0.001,0.001,2695.0,1848.0,1.0
3.197,0.073,3.066,3.336,0.001,0.001,2584.0,1737.0,1.0
2.563,0.082,2.408,2.716,0.002,0.001,2701.0,2015.0,1.0
1.816,0.094,1.623,1.984,0.002,0.001,2661.0,1824.0,1.0
1.122,0.112,0.92,1.336,0.002,0.001,3061.0,1944.0,1.0
0.247,0.15,-0.046,0.519,0.003,0.002,3039.0,1799.0,1.0
-0.586,0.195,-0.962,-0.231,0.004,0.003,2433.0,1455.0,1.0
-1.249,0.247,-1.697,-0.786,0.005,0.004,2413.0,1677.0,1.0
-2.338,0.369,-3.124,-1.679,0.007,0.005,2491.0,1883.0,1.0
-4.173,0.728,-5.522,-2.902,0.03,0.021,637.0,1157.0,1.01
-4.927,0.886,-6.632,-3.425,0.044,0.031,673.0,1224.0,1.01
-5.144,0.973,-6.782,-3.288,0.03,0.022,1107.0,1098.0,1.01
-4.884,0.953,-6.705,-3.154,0.021,0.016,2132.0,1642.0,1.0
6.598,0.068,6.468,6.72,0.001,0.001,2436.0,2068.0,1.0
6.111,0.064,5.99,6.231,0.001,0.001,2378.0,1883.0,1.0
5.616,0.064,5.497,5.739,0.001,0.001,2614.0,1843.0,1.0
5.047,0.068,4.925,5.177,0.001,0.001,2693.0,2024.0,1.0
4.446,0.067,4.314,4.569,0.001,0.001,3033.0,1997.0,1.0
3.85,0.074,3.722,3.997,0.001,0.001,2638.0,1954.0,1.0
3.235,0.075,3.097,3.381,0.002,0.001,2384.0,1573.0,1.0
2.56,0.082,2.404,2.706,0.002,0.001,2813.0,1667.0,1.0
1.831,0.096,1.642,1.997,0.002,0.001,2564.0,1849.0,1.0
1.116,0.111,0.901,1.315,0.002,0.001,2990.0,1890.0,1.0
0.241,0.148,-0.05,0.501,0.003,0.002,3272.0,1834.0,1.0
-0.588,0.199,-0.959,-0.221,0.004,0.003,2657.0,1737.0,1.0
-1.261,0.249,-1.723,-0.815,0.005,0.004,2558.0,1645.0,1.0
-2.345,0.371,-3.121,-1.677,0.007,0.005,2566.0,1816.0,1.0
-4.171,0.727,-5.536,-2.909,0.029,0.021,642.0,1094.0,1.01
-4.916,0.885,-6.621,-3.41,0.042,0.03,670.0,1272.0,1.01
-5.135,0.973,-6.8,-3.292,0.03,0.022,1085.0,1061.0,1.0
-4.873,0.955,-6.69,-3.131,0.021,0.016,2134.0,1735.0,1.0
6.645,0.067,6.508,6.759,0.001,0.001,2124.0,1656.0,1.0
6.154,0.066,6.032,6.278,0.001,0.001,2555.0,1934.0,1.0
5.652,0.064,5.543,5.782,0.001,0.001,2754.0,1728.0,1.0
5.086,0.066,4.968,5.211,0.001,0.001,2911.0,1989.0,1.0
4.498,0.067,4.376,4.627,0.001,0.001,2793.0,1880.0,1.0
3.886,0.071,3.757,4.019,0.001,0.001,2682.0,1641.0,1.0
3.27,0.073,3.137,3.412,0.001,0.001,2645.0,1923.0,1.0
2.573,0.083,2.416,2.728,0.002,0.001,2980.0,1929.0,1.0
1.849,0.094,1.673,2.017,0.002,0.001,2569.0,1908.0,1.0
1.112,0.111,0.913,1.327,0.002,0.001,3272.0,1924.0,1.0
0.239,0.146,-0.044,0.507,0.002,0.002,3412.0,1916.0,1.0
-0.581,0.198,-0.953,-0.215,0.004,0.003,2643.0,1876.0,1.0
-1.27,0.247,-1.697,-0.786,0.005,0.004,2469.0,1772.0,1.0
-2.342,0.371,-3.077,-1.633,0.008,0.005,2467.0,1770.0,1.0
-4.157,0.73,-5.454,-2.804,0.03,0.021,639.0,1141.0,1.01
-4.9,0.887,-6.546,-3.296,0.033,0.023,742.0,1226.0,1.01
-5.118,0.974,-6.807,-3.286,0.03,0.022,1073.0,1108.0,1.0
-4.854,0.953,-6.681,-3.14,0.021,0.016,2117.0,1798.0,1.0
6.693,0.066,6.567,6.815,0.001,0.001,2913.0,1911.0,1.0
6.199,0.064,6.072,6.311,0.001,0.001,3021.0,1659.0,1.0
5.698,0.064,5.576,5.818,0.001,0.001,2718.0,1841.0,1.0
5.146,0.065,5.031,5.273,0.001,0.001,2775.0,1996.0,1.0
4.549,0.066,4.42,4.665,0.001,0.001,3050.0,1965.0,1.0
3.939,0.07,3.803,4.063,0.001,0.001,2781.0,1923.0,1.0
3.308,0.073,3.172,3.443,0.001,0.001,2690.0,1470.0,1.0
2.6,0.081,2.444,2.744,0.002,0.001,2686.0,2015.0,1.0
1.864,0.094,1.696,2.044,0.002,0.001,2979.0,1960.0,1.0
1.117,0.112,0.918,1.326,0.002,0.001,3162.0,1803.0,1.0
0.253,0.145,-0.032,0.51,0.002,0.002,3543.0,2029.0,1.0
-0.563,0.198,-0.92,-0.188,0.004,0.003,2646.0,1883.0,1.0
-1.264,0.248,-1.717,-0.816,0.005,0.004,2430.0,1644.0,1.0
-2.326,0.369,-3.04,-1.612,0.007,0.005,2535.0,1742.0,1.0
-4.131,0.732,-5.428,-2.763,0.03,0.021,641.0,1208.0,1.01
-4.877,0.887,-6.52,-3.255,0.032,0.023,761.0,1192.0,1.01
-5.09,0.972,-6.766,-3.251,0.03,0.022,1075.0,1120.0,1.0
-4.826,0.956,-6.757,-3.174,0.022,0.016,2111.0,1719.0,1.0
6.728,0.065,6.605,6.85,0.001,0.001,2659.0,1653.0,1.0
6.226,0.063,6.106,6.337,0.001,0.001,2452.0,1915.0,1.0
5.735,0.064,5.613,5.852,0.001,0.001,2913.0,1866.0,1.0
5.181,0.065,5.056,5.298,0.001,0.001,3014.0,1984.0,1.0
4.582,0.066,4.456,4.703,0.001,0.001,2939.0,2039.0,1.0
3.973,0.069,3.839,4.094,0.001,0.001,2879.0,1750.0,1.0
3.315,0.076,3.179,3.467,0.001,0.001,2752.0,1245.0,1.0
2.601,0.083,2.445,2.749,0.002,0.001,2610.0,1932.0,1.0
1.864,0.094,1.699,2.043,0.002,0.001,2692.0,1925.0,1.0
1.105,0.113,0.888,1.314,0.002,0.002,2732.0,1854.0,1.0
0.243,0.149,-0.016,0.535,0.003,0.002,3375.0,1938.0,1.0
-0.559,0.197,-0.947,-0.208,0.004,0.003,2530.0,1772.0,1.0
-1.271,0.249,-1.723,-0.809,0.005,0.004,2586.0,1619.0,1.0
-2.322,0.373,-3.096,-1.655,0.007,0.005,2543.0,1705.0,1.0
-4.118,0.733,-5.393,-2.71,0.029,0.021,648.0,1178.0,1.01
-4.866,0.89,-6.6,-3.313,0.032,0.023,761.0,1126.0,1.01
-5.074,0.97,-6.791,-3.312,0.03,0.022,1074.0,1134.0,1.0
-4.811,0.959,-6.756,-3.167,0.022,0.016,2108.0,1702.0,1.0
6.778,0.065,6.662,6.899,0.001,0.001,2574.0,1664.0,1.0
6.265,0.063,6.148,6.389,0.001,0.001,2679.0,1829.0,1.0
5.789,0.065,5.667,5.911,0.001,0.001,3114.0,1702.0,1.0
5.241,0.065,5.118,5.359,0.001,0.001,2779.0,1940.0,1.0
4.628,0.067,4.502,4.757,0.001,0.001,2844.0,1675.0,1.0
4.023,0.07,3.899,4.154,0.001,0.001,2771.0,1870.0,1.0
3.34,0.073,3.198,3.467,0.001,0.001,2703.0,1886.0,1.0
2.62,0.082,2.468,2.773,0.002,0.001,2660.0,1865.0,1.0
1.876,0.093,1.707,2.054,0.002,0.001,2636.0,2022.0,1.0
1.119,0.115,0.9,1.33,0.002,0.002,2546.0,1664.0,1.0
0.251,0.15,-0.015,0.54,0.003,0.002,3207.0,1809.0,1.0
-0.545,0.197,-0.925,-0.184,0.004,0.003,2648.0,1842.0,1.0
-1.261,0.253,-1.706,-0.788,0.005,0.004,2475.0,1578.0,1.0
-2.303,0.378,-3.092,-1.642,0.008,0.005,2584.0,1801.0,1.0
-4.091,0.733,-5.444,-2.762,0.029,0.021,649.0,1193.0,1.01
-4.839,0.892,-6.508,-3.24,0.032,0.023,771.0,1288.0,1.01
-5.047,0.968,-6.702,-3.217,0.03,0.021,1115.0,1121.0,1.0
-4.784,0.96,-6.761,-3.176,0.022,0.016,2105.0,1731.0,1.0
6.817,0.065,6.704,6.944,0.001,0.001,2710.0,1585.0,1.0
6.311,0.063,6.186,6.424,0.001,0.001,3106.0,1950.0,1.0
5.831,0.063,5.706,5.943,0.001,0.001,2771.0,1979.0,1.0
5.296,0.065,5.18,5.421,0.001,0.001,2590.0,1996.0,1.0
4.663,0.067,4.526,4.78,0.001,0.001,2813.0,1686.0,1.0
4.074,0.07,3.935,4.198,0.001,0.001,2848.0,1779.0,1.0
3.35,0.072,3.22,3.487,0.001,0.001,2934.0,2002.0,1.0
2.647,0.083,2.502,2.819,0.002,0.001,2642.0,2087.0,1.0
1.883,0.094,1.717,2.066,0.002,0.001,2510.0,1907.0,1.0
1.127,0.114,0.907,1.329,0.002,0.002,2458.0,1271.0,1.0
0.262,0.151,-0.037,0.535,0.003,0.002,3389.0,1732.0,1.0
-0.545,0.2,-0.891,-0.165,0.004,0.003,2596.0,1876.0,1.0
-1.255,0.256,-1.717,-0.778,0.005,0.004,2461.0,1803.0,1.0
-2.287,0.38,-3.047,-1.582,0.008,0.006,2550.0,1714.0,1.0
-4.066,0.735,-5.426,-2.76,0.029,0.021,657.0,1241.0,1.01
-4.817,0.89,-6.486,-3.192,0.035,0.025,727.0,1336.0,1.01
-5.023,0.971,-6.793,-3.295,0.03,0.022,1116.0,1148.0,1.0
-4.759,0.961,-6.682,-3.08,0.022,0.016,2060.0,1766.0,1.0
6.875,0.065,6.753,6.988,0.001,0.001,2417.0,1823.0,1.0
6.355,0.065,6.243,6.488,0.001,0.001,2682.0,1643.0,1.0
5.877,0.065,5.756,5.998,0.001,0.001,3194.0,1921.0,1.0
5.357,0.064,5.242,5.484,0.001,0.001,2563.0,1681.0,1.0
4.707,0.068,4.574,4.826,0.001,0.001,3032.0,1842.0,1.0
4.117,0.069,3.984,4.243,0.001,0.001,2759.0,1848.0,1.0
3.371,0.076,3.227,3.509,0.001,0.001,3113.0,2039.0,1.0
2.673,0.083,2.522,2.835,0.002,0.001,2598.0,1873.0,1.0
1.888,0.096,1.714,2.074,0.002,0.001,2638.0,1723.0,1.0
1.133,0.113,0.907,1.327,0.002,0.002,2420.0,1844.0,1.0
0.277,0.151,-0.004,0.569,0.003,0.002,3010.0,1666.0,1.0
-0.545,0.205,-0.917,-0.174,0.004,0.003,2658.0,1957.0,1.0
-1.244,0.26,-1.698,-0.737,0.005,0.004,2361.0,1823.0,1.0
-2.265,0.383,-3.075,-1.606,0.008,0.006,2523.0,1882.0,1.0
-4.042,0.733,-5.433,-2.769,0.029,0.021,658.0,1239.0,1.01
-4.792,0.889,-6.54,-3.265,0.032,0.023,768.0,1301.0,1.01
-4.996,0.969,-6.656,-3.17,0.03,0.022,1102.0,1148.0,1.0
-4.731,0.958,-6.657,-3.089,0.022,0.016,2040.0,1693.0,1.0
6.935,0.065,6.821,7.067,0.001,0.001,2507.0,1733.0,1.0
6.408,0.062,6.29,6.518,0.001,0.001,2422.0,1777.0,1.0
5.944,0.064,5.834,6.071,0.001,0.001,2685.0,1637.0,1.0
5.414,0.064,5.295,5.532,0.001,0.001,3179.0,2043.0,1.0
4.766,0.065,4.639,4.888,0.001,0.001,2917.0,1918.0,1.0
4.162,0.069,4.042,4.299,0.001,0.001,3153.0,1918.0,1.0
3.405,0.075,3.271,3.548,0.001,0.001,3300.0,1742.0,1.0
2.696,0.083,2.528,2.846,0.002,0.001,2660.0,1713.0,1.0
1.899,0.097,1.704,2.066,0.002,0.001,2630.0,1751.0,1.0
1.153,0.115,0.957,1.378,0.002,0.002,2835.0,1681.0,1.0
0.302,0.151,0.016,0.579,0.003,0.002,2976.0,1896.0,1.0
-0.533,0.208,-0.941,-0.174,0.004,0.003,2523.0,1836.0,1.0
-1.222,0.262,-1.694,-0.728,0.006,0.004,2228.0,1735.0,1.0
-2.233,0.387,-3.04,-1.567,0.008,0.006,2546.0,1848.0,1.0
-4.012,0.736,-5.382,-2.685,0.029,0.021,665.0,1215.0,1.01
-4.757,0.89,-6.453,-3.178,0.032,0.023,824.0,1392.0,1.01
-4.961,0.97,-6.603,-3.117,0.03,0.021,1120.0,1183.0,1.0
-4.694,0.959,-6.362,-2.799,0.022,0.016,2028.0,1781.0,1.0
6.968,0.065,6.849,7.091,0.001,0.001,2278.0,1839.0,1.0
6.448,0.062,6.329,6.558,0.001,0.001,2815.0,1892.0,1.0
5.983,0.063,5.871,6.101,0.001,0.001,2540.0,1922.0,1.0
5.45,0.067,5.313,5.565,0.001,0.001,3351.0,1676.0,1.0
4.804,0.068,4.683,4.937,0.001,0.001,2807.0,1965.0,1.0
4.173,0.071,4.042,4.307,0.001,0.001,2764.0,1865.0,1.0
3.409,0.074,3.281,3.553,0.001,0.001,2827.0,1920.0,1.0
2.699,0.085,2.542,2.869,0.002,0.001,2829.0,1688.0,1.0
1.89,0.1,1.701,2.068,0.002,0.001,2406.0,1707.0,1.0
1.147,0.117,0.911,1.353,0.002,0.002,2681.0,1992.0,1.0
0.31,0.154,0.012,0.59,0.003,0.002,3060.0,1729.0,1.0
-0.536,0.208,-0.937,-0.163,0.004,0.003,2417.0,1526.0,1.0
-1.214,0.264,-1.727,-0.752,0.006,0.004,2226.0,1847.0,1.0
-2.216,0.39,-3.057,-1.558,0.008,0.006,2473.0,1782.0,1.0
-3.997,0.739,-5.391,-2.683,0.029,0.021,671.0,1232.0,1.01
-4.738,0.892,-6.586,-3.28,0.032,0.023,796.0,1392.0,1.01
-4.943,0.973,-6.606,-3.105,0.03,0.021,1147.0,1136.0,1.01
-4.675,0.96,-6.415,-2.862,0.022,0.016,1996.0,1657.0,1.0
7.015,0.063,6.901,7.134,0.001,0.001,2138.0,1900.0,1.0
6.509,0.063,6.387,6.625,0.001,0.001,2864.0,1677.0,1.0
6.049,0.064,5.926,6.165,0.001,0.001,2811.0,1722.0,1.0
5.503,0.067,5.383,5.634,0.001,0.001,3111.0,1878.0,1.0
4.861,0.065,4.733,4.978,0.001,0.001,2747.0,1823.0,1.0
4.204,0.069,4.081,4.339,0.001,0.001,2541.0,1881.0,1.0
3.434,0.073,3.306,3.577,0.001,0.001,2411.0,1954.0,1.0
2.717,0.083,2.562,2.876,0.002,0.001,2598.0,2043.0,1.0
1.911,0.104,1.714,2.095,0.002,0.002,2304.0,1704.0,1.0
1.162,0.12,0.937,1.376,0.002,0.002,2730.0,1918.0,1.0
0.33,0.156,0.015,0.615,0.003,0.002,3094.0,1731.0,1.0
-0.52,0.211,-0.899,-0.124,0.004,0.003,2466.0,1805.0,1.0
-1.188,0.267,-1.665,-0.673,0.006,0.004,2292.0,1947.0,1.0
-2.182,0.391,-2.933,-1.454,0.008,0.006,2416.0,1744.0,1.0
-3.964,0.738,-5.295,-2.6,0.029,0.021,650.0,1185.0,1.01
-4.704,0.892,-6.499,-3.166,0.032,0.023,840.0,1331.0,1.01
-4.909,0.976,-6.581,-3.074,0.03,0.022,1128.0,1151.0,1.01
-4.64,0.96,-6.521,-2.962,0.022,0.017,1940.0,1614.0,1.0
7.051,0.063,6.933,7.173,0.001,0.001,2167.0,1728.0,1.0
6.552,0.062,6.433,6.663,0.001,0.001,2830.0,1802.0,1.0
6.106,0.064,5.991,6.229,0.001,0.001,2628.0,1967.0,1.0
5.539,0.066,5.416,5.665,0.001,0.001,3041.0,1938.0,1.0
4.913,0.066,4.789,5.035,0.001,0.001,2815.0,1759.0,1.0
4.216,0.069,4.078,4.337,0.001,0.001,2729.0,1851.0,1.0
3.463,0.072,3.322,3.593,0.001,0.001,2691.0,2073.0,1.0
2.726,0.085,2.577,2.892,0.002,0.001,2603.0,1972.0,1.0
1.92,0.101,1.741,2.115,0.002,0.001,2533.0,1797.0,1.0
1.175,0.122,0.953,1.4,0.002,0.002,2732.0,1540.0,1.0
0.332,0.158,0.043,0.643,0.003,0.002,2917.0,1670.0,1.0
-0.513,0.216,-0.92,-0.114,0.004,0.003,2398.0,1851.0,1.0
-1.171,0.271,-1.668,-0.653,0.006,0.004,2349.0,1869.0,1.0
-2.156,0.393,-2.958,-1.45,0.008,0.006,2387.0,1671.0,1.0
-3.941,0.736,-5.267,-2.591,0.03,0.021,646.0,1253.0,1.01
-4.679,0.894,-6.444,-3.13,0.032,0.023,849.0,1331.0,1.01
-4.883,0.976,-6.508,-3.048,0.03,0.022,1143.0,1135.0,1.01
-4.614,0.964,-6.533,-2.944,0.023,0.017,1929.0,1630.0,1.0
7.088,0.063,6.969,7.204,0.001,0.001,2485.0,1807.0,1.0
6.586,0.062,6.469,6.699,0.001,0.001,2800.0,1719.0,1.0
6.154,0.062,6.031,6.262,0.001,0.001,2775.0,1777.0,1.0
5.571,0.063,5.452,5.688,0.001,0.001,2755.0,1802.0,1.0
4.944,0.066,4.823,5.07,0.001,0.001,3049.0,1922.0,1.0
4.224,0.069,4.101,4.358,0.001,0.001,2428.0,1462.0,1.0
3.477,0.075,3.337,3.613,0.002,0.001,2496.0,1835.0,1.0
2.718,0.086,2.552,2.879,0.002,0.001,2632.0,1840.0,1.0
1.914,0.1,1.714,2.085,0.002,0.001,2643.0,1961.0,1.0
1.177,0.125,0.948,1.405,0.002,0.002,2762.0,1755.0,1.0
0.319,0.166,0.02,0.637,0.003,0.002,2866.0,1826.0,1.0
-0.514,0.222,-0.954,-0.128,0.005,0.003,2337.0,1795.0,1.0
-1.161,0.275,-1.703,-0.682,0.006,0.004,2240.0,1771.0,1.0
-2.144,0.394,-2.9,-1.392,0.008,0.006,2287.0,1656.0,1.0
-3.928,0.74,-5.268,-2.58,0.029,0.021,662.0,1135.0,1.01
-4.664,0.893,-6.38,-3.089,0.032,0.023,855.0,1201.0,1.01
-4.867,0.974,-6.527,-3.09,0.03,0.022,1143.0,1180.0,1.0
-4.599,0.966,-6.357,-2.784,0.023,0.017,1913.0,1602.0,1.0
7.127,0.065,7.01,7.251,0.001,0.001,2165.0,1706.0,1.0
6.638,0.063,6.523,6.758,0.001,0.001,2295.0,1931.0,1.0
6.197,0.064,6.085,6.323,0.001,0.001,2685.0,1857.0,1.0
5.616,0.064,5.502,5.738,0.001,0.001,2744.0,1829.0,1.0
4.974,0.068,4.851,5.108,0.001,0.001,2825.0,1911.0,1.0
4.244,0.071,4.115,4.381,0.001,0.001,2757.0,1734.0,1.0
3.485,0.077,3.346,3.633,0.001,0.001,2713.0,1766.0,1.0
2.715,0.089,2.544,2.873,0.002,0.001,2640.0,1711.0,1.0
1.92,0.102,1.731,2.117,0.002,0.001,2847.0,1568.0,1.0
1.188,0.126,0.959,1.433,0.002,0.002,2618.0,1996.0,1.0
0.317,0.167,0.0,0.629,0.003,0.003,2757.0,1646.0,1.0
-0.506,0.225,-0.953,-0.111,0.005,0.004,2226.0,1692.0,1.0
-1.144,0.279,-1.688,-0.657,0.006,0.004,2288.0,1624.0,1.0
-2.129,0.398,-2.855,-1.347,0.008,0.006,2267.0,1568.0,1.0
-3.907,0.742,-5.322,-2.603,0.03,0.021,656.0,1214.0,1.01
-4.643,0.893,-6.284,-2.984,0.032,0.023,852.0,1227.0,1.01
-4.845,0.976,-6.492,-3.043,0.03,0.022,1157.0,1182.0,1.0
-4.575,0.971,-6.466,-2.895,0.023,0.017,1924.0,1603.0,1.0
7.169,0.062,7.051,7.287,0.001,0.001,2149.0,1874.0,1.0
6.684,0.064,6.569,6.806,0.001,0.001,2602.0,1964.0,1.0
6.24,0.064,6.12,6.356,0.001,0.001,2634.0,1448.0,1.0
5.66,0.066,5.543,5.789,0.001,0.001,2800.0,1803.0,1.0
4.992,0.07,4.864,5.123,0.001,0.001,2681.0,1782.0,1.0
4.255,0.07,4.129,4.387,0.001,0.001,2996.0,1964.0,1.0
3.495,0.075,3.35,3.63,0.001,0.001,2523.0,2030.0,1.0
2.713,0.089,2.547,2.875,0.002,0.001,2405.0,1975.0,1.0
1.921,0.104,1.734,2.122,0.002,0.002,2402.0,1794.0,1.0
1.202,0.129,0.973,1.451,0.002,0.002,2628.0,1671.0,1.0
0.321,0.171,0.015,0.655,0.003,0.002,2839.0,1716.0,1.0
-0.491,0.232,-0.933,-0.072,0.005,0.004,2286.0,1495.0,1.0
-1.12,0.282,-1.638,-0.59,0.006,0.004,2232.0,1651.0,1.0
-2.107,0.403,-2.849,-1.318,0.008,0.006,2350.0,1616.0,1.0
-3.881,0.744,-5.223,-2.515,0.029,0.021,671.0,1137.0,1.01
-4.618,0.896,-6.329,-3.04,0.031,0.023,867.0,1314.0,1.01
-4.818,0.978,-6.466,-3.015,0.03,0.022,1144.0,1180.0,1.0
-4.55,0.972,-6.269,-2.689,0.023,0.017,1906.0,1631.0,1.0
7.224,0.064,7.103,7.343,0.001,0.001,2200.0,1903.0,1.0
6.749,0.066,6.625,6.875,0.001,0.001,2575.0,2058.0,1.0
6.292,0.067,6.175,6.423,0.001,0.001,2613.0,1838.0,1.0
5.716,0.067,5.593,5.846,0.001,0.001,2571.0,2042.0,1.0
5.021,0.07,4.899,5.154,0.001,0.001,2450.0,1922.0,1.0
4.278,0.072,4.149,4.416,0.001,0.001,2772.0,1960.0,1.0
3.512,0.077,3.36,3.647,0.001,0.001,2639.0,1994.0,1.0
2.733,0.092,2.562,2.91,0.002,0.001,2553.0,1984.0,1.0
1.933,0.107,1.732,2.124,0.002,0.002,2339.0,1885.0,1.0
1.22,0.132,0.986,1.475,0.003,0.002,2544.0,1547.0,1.0
0.335,0.177,-0.021,0.646,0.004,0.003,2575.0,1838.0,1.0
-0.467,0.235,-0.905,-0.028,0.005,0.004,2125.0,1710.0,1.0
-1.088,0.288,-1.657,-0.576,0.006,0.004,2188.0,1800.0,1.0
-2.076,0.407,-2.82,-1.278,0.009,0.006,2292.0,1647.0,1.0
-3.849,0.746,-5.219,-2.496,0.029,0.021,687.0,1141.0,1.01
-4.586,0.901,-6.343,-3.024,0.031,0.023,881.0,1391.0,1.01
-4.785,0.979,-6.456,-2.977,0.03,0.022,1147.0,1169.0,1.0
-4.517,0.971,-6.252,-2.671,0.023,0.017,1921.0,1617.0,1.0
7.282,0.065,7.166,7.405,0.001,0.001,2327.0,1830.0,1.0
6.813,0.066,6.704,6.953,0.001,0.001,2696.0,1684.0,1.0
6.335,0.069,6.198,6.454,0.001,0.001,2691.0,1600.0,1.0
5.775,0.067,5.652,5.9,0.001,0.001,2676.0,2054.0,1.0
5.041,0.069,4.916,5.171,0.001,0.001,2689.0,2080.0,1.0
4.315,0.072,4.17,4.445,0.001,0.001,2692.0,1949.0,1.0
3.528,0.08,3.389,3.688,0.002,0.001,2648.0,2083.0,1.0
2.749,0.092,2.588,2.932,0.002,0.001,2436.0,1758.0,1.0
1.954,0.114,1.741,2.162,0.002,0.002,2224.0,1764.0,1.0
1.23,0.14,0.967,1.486,0.003,0.002,2620.0,1782.0,1.0
0.35,0.184,0.024,0.714,0.004,0.003,2293.0,1626.0,1.0
-0.443,0.239,-0.932,-0.033,0.005,0.004,2214.0,1475.0,1.0
-1.054,0.292,-1.652,-0.544,0.006,0.005,2135.0,1807.0,1.0
-2.045,0.411,-2.799,-1.243,0.009,0.006,2314.0,1716.0,1.0
-3.817,0.748,-5.269,-2.555,0.029,0.021,680.0,1149.0,1.01
-4.552,0.902,-6.304,-2.992,0.031,0.023,881.0,1274.0,1.01
-4.752,0.983,-6.444,-2.913,0.03,0.022,1171.0,1105.0,1.0
-4.484,0.971,-6.223,-2.638,0.023,0.017,1915.0,1704.0,1.0
7.323,0.067,7.199,7.441,0.001,0.001,2535.0,1840.0,1.0
6.869,0.065,6.749,6.991,0.001,0.001,2824.0,1918.0,1.0
6.375,0.068,6.25,6.508,0.001,0.001,2296.0,1973.0,1.0
5.814,0.068,5.683,5.939,0.001,0.001,2858.0,1959.0,1.0
5.056,0.07,4.925,5.183,0.001,0.001,2529.0,1548.0,1.0
4.336,0.076,4.201,4.487,0.002,0.001,2473.0,1837.0,1.0
3.528,0.081,3.38,3.677,0.002,0.001,2708.0,1961.0,1.0
2.75,0.095,2.568,2.917,0.002,0.001,2672.0,1944.0,1.0
1.964,0.117,1.746,2.187,0.002,0.002,2229.0,1699.0,1.0
1.225,0.148,0.953,1.506,0.003,0.002,2657.0,1721.0,1.0
0.356,0.192,0.019,0.748,0.004,0.003,2359.0,1714.0,1.0
-0.425,0.245,-0.887,0.032,0.005,0.004,2190.0,1531.0,1.0
-1.035,0.3,-1.648,-0.511,0.007,0.005,2099.0,1710.0,1.0
-2.025,0.413,-2.833,-1.271,0.009,0.006,2278.0,1687.0,1.0
-3.794,0.746,-5.244,-2.531,0.029,0.021,682.0,1142.0,1.01
-4.528,0.899,-6.283,-3.013,0.031,0.023,874.0,1265.0,1.01
-4.728,0.984,-6.408,-2.893,0.03,0.022,1141.0,1156.0,1.0
-4.46,0.972,-6.23,-2.687,0.023,0.017,1928.0,1614.0,1.0
7.355,0.071,7.221,7.486,0.001,0.001,2564.0,1917.0,1.0
6.902,0.069,6.762,7.023,0.001,0.001,2613.0,1900.0,1.0
6.41,0.072,6.26,6.535,0.001,0.001,2609.0,1982.0,1.0
5.834,0.072,5.689,5.961,0.001,0.001,2886.0,1874.0,1.0
5.067,0.077,4.935,5.221,0.001,0.001,2781.0,1644.0,1.0
4.334,0.082,4.175,4.484,0.002,0.001,2438.0,1679.0,1.0
3.515,0.086,3.352,3.678,0.002,0.001,2981.0,1829.0,1.0
2.747,0.1,2.564,2.929,0.002,0.001,2939.0,1799.0,1.0
1.965,0.123,1.731,2.187,0.002,0.002,2492.0,1755.0,1.0
1.213,0.155,0.921,1.493,0.003,0.002,2628.0,1643.0,1.0
0.354,0.198,-0.031,0.708,0.004,0.003,2069.0,1603.0,1.0
-0.417,0.251,-0.859,0.078,0.005,0.004,2219.0,1511.0,1.0
-1.029,0.307,-1.615,-0.475,0.007,0.005,2034.0,1655.0,1.0
-2.014,0.419,-2.771,-1.194,0.009,0.006,2218.0,1746.0,1.0
-3.783,0.752,-5.144,-2.402,0.029,0.021,694.0,1128.0,1.01
-4.517,0.903,-6.155,-2.832,0.032,0.023,888.0,1295.0,1.01
-4.715,0.987,-6.454,-2.909,0.031,0.022,1141.0,1256.0,1.0
-4.446,0.97,-6.299,-2.73,0.023,0.017,1918.0,1500.0,1.0
26.454,1.582,23.566,29.33,0.029,0.021,2877.0,1649.0,1.0
